"","1","2","3","4","5","6","7","8","9","10","11","12","13","14","15","16","17","18","19","20","21","22","23","24","25","26","27","28","29","30"
"1",7.2372734053814,-3.74443062025231,4.13386638689807,-1.29856348564684,-2.08555655616717,3.57529634659961,1.20258342822144,4.50240204345182,5.9471310542532,-3.18166107053963,-3.70824455814621,-2.96557879420833,-2.67571206638135,5.45953548388815,-5.35810277120926,9.60266063882576,-5.52982803993324,-2.33662526339512,-4.86958875505605,3.06475370870426,0.959317894773721,-4.87812522507278,1.37412120562924,-6.43018455203835,5.87258324054091,8.84870074110375,-4.78308024132262,3.64748477436857,3.14723022232039,15.5671142216073
"2",5.50432099077525,8.23435381724821,3.55494621130724,1.20274878500865,6.26040297075085,-10.2211214977507,9.65394293309261,6.15076994089916,1.29873623241865,-4.26896627161275,-0.153505258921034,1.94210687436767,-0.999662775159798,1.75332783968567,-1.43760766888034,-10.3403528136743,1.66763585586053,-5.99803015538608,-4.58580079257828,1.49582871868061,-0.647360361142447,0.610282528623241,-3.71977660400054,0.861044717710179,-0.734893089481215,-4.25805110861405,-7.48978670764025,-1.3706600216211,13.4038267289113,-3.1135933293911
"3",4.26261416325811,1.61378920838126,3.73671811836493,-1.86039524154149,3.77717597872164,3.21437246120046,-5.39900158082162,2.54974110692349,4.74094649818032,6.01422197371449,1.68534350129498,2.83036070990557,-3.41871256022142,4.93657054569183,-7.62175610806145,-4.2901213526022,-2.35695594843993,0.465915600673501,5.21516024439762,0.299585977091799,-1.67692068676484,0.496156517108799,-2.28959961180556,6.46088096903672,5.51642659958724,-1.6199731102686,3.37698744196052,-5.75044396125375,3.37682604395832,13.8028289869815
"4",-1.30969372189041,9.1523134510741,-3.15494888813571,3.13549227183084,-5.20685550778456,-7.37298752308436,3.96020306642766,-2.15343628725461,-0.467855101677478,-2.56346047864814,9.87723415864371,0.433091069182529,-3.10643254097388,-5.77085819076655,-8.85580626582094,-4.5064297859635,-8.58358295056324,5.93078934278861,-2.15151288700808,4.05999649200466,8.10429657127362,0.78398869256953,-0.40685089576736,3.99635018820964,-1.80315616154567,-8.73071764673074,-3.4504599457718,-3.9429884376218,-2.03481439705896,-4.54583896514258
"5",8.35324470697838,-2.59476657219822,0.738357160698414,-1.08089716439324,3.34019276862883,-2.87765201297846,-1.62007194078803,-3.94389396270664,-8.11832922078898,-7.62951536419693,-0.532925174445351,0.458194586651375,1.12706302555035,7.5944874791002,0.906608461849709,11.4372997623736,-4.09146671907594,1.24701927040576,-9.95959180980734,5.58943281582367,-1.7409015762217,-2.25739949888273,-0.0760364812487139,10.7190466595942,-3.7910840399927,-6.51515760919313,-0.0762893985036389,4.64857285080128,-3.67940373421742,-6.93675026476338
"6",-2.20744848531848,-0.225917490355926,-3.00686025486087,-8.96086012321201,2.32655282041036,-0.842675250228677,-4.50522796799218,-7.55044557334031,2.0340987336202,9.90178591252021,-1.04178086860021,-2.04399887516846,-7.04278299951548,-1.82072130631381,-7.09753288150576,-5.75186072973929,1.49001156419644,-2.50363492548371,2.11732680791846,-2.75114698670529,8.12810491942863,-7.3726911979878,6.07531994671946,12.3446054626247,-6.57425234406972,3.48966334751136,3.19761912668731,-1.9140682842027,-6.67444357361059,1.01581697623953
"7",-3.17759474501826,2.16874684244498,-1.92010805681531,-2.00691202298604,-4.96907827164093,-0.879066066686207,-3.18396395843082,-5.35507239312138,-5.00388255373957,12.7596139266708,-4.47377748524287,-2.63153924047084,3.55102779218136,-3.66657805609732,-8.37306775279127,2.9538881489397,-1.51243139230559,2.21641723431799,1.11724837831961,0.303266955419907,1.80767720714908,0.428557032757946,0.125217084763281,-7.08514846116254,5.55254076172971,-2.58087379357936,2.07244513118735,-4.222438352202,4.92884121881766,1.53692816963699
"8",3.6590507785682,-2.23444012619066,-18.8243554774923,3.37615574917712,2.09283244916758,-1.94004423462039,7.00939230111232,-5.0785469254781,0.467864703044923,-9.78605980810539,-6.73292671927355,6.46448656217751,-0.319612463799311,-0.689522185286446,-0.919441215079108,-8.55117212081108,-7.90787881890291,-4.24044104458144,0.122718795978562,-2.52970860638382,11.3997840780955,7.81813791548929,4.10950221769464,-5.61060978306829,-4.63869297393032,-1.82745242959116,-3.29326656874907,-3.50077286637906,-1.2187994664532,1.07384930479797
"9",2.89026875662962,2.75007991759955,2.39973001449828,8.87681429702439,-3.68874511429063,-8.67446212038708,-6.16580663056566,6.14831430931638,-3.31594492117514,-2.24909901480425,4.1207958962999,8.55427077023221,5.78740152472006,-10.5923894243026,-4.21713693503226,-6.5636763788288,-5.9296151845277,-3.32474217001042,-0.783103295332432,5.1261646472724,-0.355487122601326,-2.9107821902091,1.10596064816994,-1.31719375466709,-3.16150547664978,5.52570748259905,-2.72071453019483,6.20123983170011,6.15544038639346,7.3886938368188
"10",-1.5229042279458,5.08443476486048,4.23892661751062,-0.808455200980651,3.15075443670002,-10.0779189735025,3.64264161241489,-0.454928417037947,5.02166466181445,2.3020227984628,-1.30020820367033,3.5406374726212,2.16067320532023,-9.36991292688065,0.145979488260909,-5.52536105471478,-7.63057338455802,5.66919370032644,2.65093237895542,-3.86724623018299,-4.28948839341748,-0.536346869025222,6.06994750101975,-6.86472954826437,-1.77847419889651,4.05322978017189,2.83619263967075,0.841829621292759,2.7047932619151,-0.693443488725462
"11",1.08999606020944,-1.63771129741992,2.20366778147746,-3.41672218726367,-14.3329018349799,-3.80683159665619,-1.24791259999041,7.3211682571031,-8.29389032350934,17.2935006429484,3.24808911964048,4.21588496118541,-0.874882157534816,-1.28025019976612,-3.61651332583211,4.84029236358727,0.0586931407546512,-5.82352413826538,2.10125618108486,0.483669726519279,3.89183189762951,1.54162589312424,6.52441797835726,-2.73935485161744,3.60939381950311,-7.46197516105486,1.84738839786046,-4.85063184484349,-7.1955287737729,-3.31046062237752
"12",1.24591062490043,2.3565736018979,-0.862320012366828,-10.7267308687669,-1.21938116174792,-1.74903174034824,-5.94316346336295,-5.58253309453559,-1.8330830683178,0.820676330985334,-3.56913235647144,3.41805705118299,-3.176721214922,-2.16580590813295,1.40609124847733,3.40659416660203,-6.92722918297653,-3.39905772715362,3.27965690068118,-2.41070543724582,2.81421527865879,3.89212621741819,4.74569335457518,6.8095915276235,-4.27425947446517,-5.56507427318986,3.83213865262069,0.620914860628585,-3.55239613743618,-4.95372280152539
"13",10.8140490801673,-0.620407313610553,-1.34298157626247,-3.0784610752201,-6.47159985748839,-4.95380167227948,0.141088172593192,-2.3434697093831,0.960510730032345,0.749076239128525,3.99462024397128,5.53591019525312,-3.59492327284208,6.0616585865146,-2.252847600294,-10.949359323181,3.77501764895778,0.414994399495908,4.39297455444192,3.6620178758441,1.18307847860839,-5.25930245777003,-5.07682959047476,5.15216666386463,1.66227660400198,-3.62186878633537,1.07713985018271,-1.43363400802411,2.44485061751872,5.56953212676177
"14",-8.10413356019124,2.05907994733774,10.9521986972639,4.92005370834427,2.16778999675264,6.4997113889,-1.02374433721712,-5.25828339884437,-2.56078569645345,0.172691173350237,0.897489702402076,1.61035831855379,2.46934923471765,5.07001452214585,-7.46956321481046,-1.74193213037534,-6.27374399413258,-0.334947993953262,7.59840840507287,-1.43103339930512,1.32562429684061,6.35777454610548,3.5704295748631,-5.17632471235423,-3.03580952268962,4.10508173276378,3.67633114898106,-2.26125980965736,-4.76056071141589,4.22033488398678
"15",3.590131626659,7.26427049446245,6.12981661566995,0.0946144792277117,1.45317666675662,0.81996519052235,0.0718798589662643,1.88175948928812,-2.16078843458709,1.97714214556395,4.60649051485476,1.2791324910284,-1.51298704451958,-0.125201689142214,-5.806021155563,1.33383739209294,-4.02661721578043,-14.1984313833578,7.42983588730402,-2.25846060621056,-1.20360163228812,-4.25469163932804,10.1103741943844,2.90690937069929,-0.980822273184772,1.66113800832275,2.18909134369931,-1.68913272868801,5.32766270505705,2.58166603710427
"16",-1.38793771875836,9.58116762858427,-0.564470601170162,-3.14553516645031,1.10251462829127,1.10349127644784,3.97881309110224,7.20314518233167,-0.235406247060273,17.4768281480623,5.97216310114636,3.47588613847901,-0.558441632137568,-4.98023643688207,-4.16785869870053,7.54164255289338,-8.02133970809468,-1.58964562188959,-4.82585797928974,-3.23850918735438,0.0159146584429855,-4.34836079696294,-2.33431937297449,2.80003574435839,-5.85821629607684,-8.57777734351917,-5.29761964718572,-4.28130835904291,-2.30503915168331,-4.30941768428023
"17",-6.08580469068136,2.26255964419668,-3.93192012465965,3.30619403587546,3.73934226967626,-2.07456626789541,0.216726216132704,5.22755784302129,-1.94060561660606,-1.01956725384312,9.36610598015422,0.618340139311392,2.50667431195048,-11.826128648528,-0.123673575997973,-3.78366869383856,-3.51131692276866,4.29257572202642,4.65302349673289,5.33701045296845,1.5529740876867,-3.50209504783322,0.403971426090697,-4.33857862279223,-5.39935773270188,-3.44718557196864,-3.28472439617232,4.27566634116463,3.52239815701289,6.77195185742392
"18",-1.25467029285237,-1.94628761786083,2.06646827915155,7.18236337271134,-10.2949564038843,-3.94331298081455,1.97613393257782,-6.24474127790802,2.33703824859345,1.58124765897563,4.64154330703222,-2.83729917652641,4.38329641363368,-6.16167963884809,4.11848463593562,-4.71376306850869,16.3460952362492,-3.81532472468384,6.01214069793495,4.43714824798864,2.01676720958078,0.280585071957663,1.68951664683377,3.69663382352375,1.90273694257628,-4.57269123767827,7.2024951625281,9.65065560070138,4.4069684329568,1.03759780067223
"19",2.4396512429292,7.99440362103916,5.47315652807276,0.03218289463747,-1.99095696780908,-1.89829645537234,-4.06337220795113,-3.07155790495233,0.701078097364106,0.331767706715385,0.313238749779524,3.9829423751517,-1.28013507147442,-1.49841594574528,-11.9026641615453,-5.1989116635337,-6.85288249577847,5.94911255712764,-0.400701950978387,1.84526937347201,2.54182251070908,-10.6775794853759,-3.67049998286562,1.86192353521837,-5.92292833921037,-10.3167145869525,-0.512666706720195,-4.51552965086398,-0.485293241226297,-0.496808633035687
"20",-0.148876444111749,0.501653119408663,-4.95301962273632,-0.629451937273566,-4.82065963431792,3.08118183662721,-1.14463039750053,-3.57936516435239,0.662998337349655,-3.76816720071677,-5.24095477977591,0.201966278150327,-2.69767700091522,2.50886387905557,0.105442134697331,-11.6528023751814,0.700708305491871,-7.45774493623645,-2.47048815240427,-2.52451878881077,-1.05324155823567,-1.46752695267373,-6.29033217368183,-0.243343282626799,1.93526928161317,-13.8732465904391,-3.54012670814172,-7.71624738166224,0.580202613024623,2.88642123768555
"21",2.1699294331358,-5.51591998859821,7.58840819335268,-2.43587420966843,-0.431866544594209,0.922291835460278,-4.93707735754287,-2.02375547019017,-0.219758276355009,-10.4693638410927,-11.8095748397923,-1.25950297582373,-8.10579761740168,1.81233387300049,-5.48625340940471,-4.16182169941511,7.41268144510234,11.6479506472034,8.91164816307888,-0.949515322809458,9.24278770467359,-2.89725074025597,-7.96927833066688,2.54563206836602,-0.5204155755194,3.75260634115673,-3.61077633168283,10.4231889995376,0.775765700405113,-11.5594816899022
"22",1.3807353668147,6.25824674368181,-5.28243866543165,4.97846789122357,-3.04935458477101,0.689284163283901,0.804967135126638,6.14175310595397,-2.47562302940786,-5.97248196778427,-1.44927006784336,-7.07416756146296,3.72587691234651,-0.173959091248458,3.44083419564097,0.371000713494858,3.86854124993273,-3.37643975183744,1.78668661855449,-6.35049892573255,-11.6068193896626,-2.95955556151426,-5.56909348661722,-5.15625377784967,-1.97040113421633,0.984217531541802,-1.07444303185167,4.66167491563436,5.16917125677786,6.70237068500109
"23",-4.7300685866664,0.469680672969776,-0.397052020472717,6.22769451063028,-2.98135020311058,-2.85239764036672,-3.81147152984619,16.1813774633057,7.90898292282104,6.49499230131899,1.63490669789319,1.41590552183791,0.229073152102168,2.42670555088945,-7.89824715771833,1.3453946405902,-3.68853108636633,6.61847128472653,0.617834491943886,2.04245662586771,-2.40601955228147,0.342978957136716,0.740134732357885,0.168937744124553,-1.10989533887233,0.0998680328477294,-8.41180354300491,11.7305814572258,2.16256355391248,-2.68200970597237
"24",6.14307420723766,-0.103128476134916,6.3404394460179,1.33484811173831,1.92694636115725,-1.28728634550239,-7.32610211184021,5.31437468928793,0.309411921199417,-4.11047297493889,-1.78272458109844,13.0598778717097,-4.86802596421639,-4.46428094732235,-5.71908688434461,4.07673162117866,-8.12272099869755,9.63256975896388,-1.70331278078849,-2.91990979862513,-10.6151069364283,-4.9758009180879,-3.86481301652885,0.285473503501149,-5.90539428069662,-3.75130871411883,-7.2043752043097,-5.91645276109929,-6.95029564511021,8.09311102714843
"25",5.33930518488545,-3.49935991348575,-0.374144132828485,-3.27019539895454,0.780693493304182,-2.43401591079938,0.123905611627269,0.367570443673971,0.642691297672726,-2.30040211424304,-8.27304924785306,-5.97564798816861,-0.0284602096969699,-3.11606271884734,5.16383749173776,2.2233375547084,2.49784818015045,-2.22292833987737,-0.508463026424342,2.87958712690471,-5.81406160735624,-1.84188741636522,-6.17680177793832,-4.37074410689546,-4.08836101287063,3.08883252038549,8.29677812328657,-0.154907101966976,-1.37072705445491,-7.18881494408796
"26",-0.595387734680844,3.09397007039323,2.52132289892423,1.92194782666012,5.27099644993049,2.80232128929285,-0.851443840166783,5.23991076589008,0.533139081917206,0.998019355192461,-3.22925229835285,-7.19962319989116,-5.86494285999349,6.83422251910351,-8.10996584000197,-4.393342704562,-0.583384201862025,4.93213931909853,-0.252011612499788,-3.64997097869214,4.49679625087237,-1.34421473720593,-1.47173267786096,-1.10412081919078,5.78153322466535,2.32449974876851,-3.38803903098647,-0.638369838503011,0.583218515657393,-0.395321491246299
"27",5.25387266117173,-11.4201746400921,-12.7992922091062,8.417967912159,-6.29924623925783,-3.80616690872235,-2.27077896753415,4.22746665171836,6.81690729836407,-7.25348080326397,-4.92405097171177,7.44851721530147,-3.88083473659007,-2.6638528422755,5.29744145735245,-3.46867155295081,-1.77703261763423,5.17603569410324,-8.0866475747049,-0.64647344751517,4.67286452934176,-3.12147237127897,-2.71082017936078,-3.69296699861312,-7.38540584292232,0.492551624010723,-4.73884360524658,-7.8521603281846,-1.17707913507259,3.28100340162185
"28",7.63185818719522,-6.88004498380513,-5.81943065013972,3.60116024654059,0.500022010465718,3.34995098918217,-1.61404904876463,-2.347638210076,5.18308019326071,-1.66361727518197,12.3752661939252,-1.49131758737332,-0.396458816984033,6.25664725578218,-4.69514958156942,-1.30255618331951,4.80645189759285,4.02391727700245,5.98315720609966,5.34175567468275,-0.328658392239508,-3.63074824923014,4.31697841273625,-1.76952836087478,4.73624073596289,-0.792316132115126,-8.16272704239883,10.663244629965,1.97384816873005,-2.9989266847015
"29",10.7134187265172,13.2200143051979,-6.58967451306629,-2.76855913597133,-1.29076023985301,-2.90622238077475,-4.04887806429058,10.9393878917412,-1.24327541611573,-1.62024544092701,1.95698218044855,4.07185822091554,-2.50264844638416,0.258789390115041,0.815626972674425,-5.61658420629079,3.66595176010093,3.97134744979096,3.18091258635852,0.185728780504263,-7.99234580779041,-4.18363789056786,-6.06616742801838,2.18228312883002,-4.36244850204625,2.68629555848942,-7.01002931691508,0.658319172259723,5.2374045136366,-3.59432682858874
"30",7.23977181451638,1.62286644963068,-6.46493013382591,-2.80262827633331,-3.29782870802737,0.251539374957452,-6.06843562084645,0.567523179022319,-1.71187980820864,-3.26684693890613,1.63595606029171,-4.09162395431324,2.8260449451231,5.19401129256577,-1.66503923144532,2.18166184853389,1.3226333381435,-4.43880416325351,-1.87047058278632,-1.67407111903662,-1.44418319552505,4.43081872957115,-3.6801191740324,4.04008297112583,8.62687585632084,-0.205227245867286,1.8718987271773,-0.767048347388158,11.9824618852365,-5.26442018030427
"31",3.12629028177145,-8.41934767855656,-0.495932614723978,-4.22793059519291,-0.345681870941397,3.44491893466582,-0.991139983984427,-2.28584012366139,1.90363400935486,0.0184776775732948,-3.80958242113058,-8.33330838649647,-5.52931520052853,-3.51536254075619,0.747588275687742,-3.12096822766301,2.6410287343953,-1.28413556796141,-2.3090040275779,-2.75425154204891,0.190073604561417,3.01578292169065,-2.20444459072086,5.80015616335969,-10.8526478570771,3.66807841953357,-6.1051686453652,6.58012621846268,1.54432465920292,-3.47080121039796
"32",1.84490590600378,0.703438976604654,0.269150622364669,-5.74227324723027,-1.96176517828637,-2.43514374090578,7.10237855476129,3.03746437579423,-0.691302623084047,-2.20798472036395,-2.91403084739722,1.49225846266728,4.22990517067528,1.46102673929275,6.9460677208484,-1.21515432705017,-0.814275481431399,2.65008251634026,-1.0894791175016,5.59593444461493,-6.06849891402304,2.43765619583071,3.52167808102999,-0.869949639197912,2.67965599918263,-4.59669198079039,0.792029497166647,-1.50800428126876,-0.931352317746322,7.89295427978977
"33",-0.312585446907812,-0.236877080213344,-3.58554257303891,-0.443632299682936,1.97325476901112,-0.235988661208451,-1.58457362430713,-1.0541582851239,-8.27081610836738,-11.9266196988918,1.91232458541065,1.46646414394672,3.2683156353337,6.97670422504662,-3.66011855823568,-3.41093331586938,4.13843281306266,6.7490061540436,-6.51664435229075,-1.14408408596611,-4.63691400946492,3.88155571595039,7.89944839429855,-3.38847626372815,-9.84036070097566,5.0659920968745,-1.18629616887988,-0.309509165307827,0.490620779558008,5.99719343465392
"34",-5.77498664382617,4.36192681628798,-2.88424300237766,4.12794119675463,-10.5732880707917,11.1514356350909,10.6788392104368,-1.12317215298239,-3.07063154859512,9.5023882472398,2.19384299377683,-4.00972441546592,-0.509139997145013,-3.6759381383963,-3.59096180969844,1.06672294273934,-0.803850053356173,4.41630280964323,5.83139714845675,-6.71642100576225,0.35817809365524,-1.03569651287637,2.77026224179886,6.47742403526924,-0.651554344269346,-12.4065984812313,-8.84057169518779,-2.78689506708476,3.00544227471169,-0.183697472694267
"35",-3.22131871682148,2.32586436075508,-1.3798283881914,-0.844812409448306,-7.39096398532573,-2.20775217039414,-3.07814100541619,-3.59674079525416,6.1873557047412,-0.354812599752947,-2.96200310697053,-0.396976026137409,0.810279439663239,1.72445557078405,-9.4234805711746,-3.21411306476518,6.11975294375975,4.27927633537337,2.54497864409665,-0.497581455304237,0.157766888311923,0.744581983323253,3.05885292809148,-2.34555337592973,-3.39026628930541,3.89068314821771,8.5008706209298,2.17932583930536,2.81219765806838,4.39569998892672
"36",-0.762374364372499,-8.71096667323765,6.32811600911828,1.04348484234346,-2.15180129424299,-6.16448276744182,5.44855726881016,7.80620051638428,0.00566538668603389,-2.78646379356967,-4.27402983150194,-9.34718935590945,-0.593480694263057,5.99366359647905,-3.00760962169765,3.36676926592316,-5.22005832210302,7.63649660445582,-1.03317661648068,-5.46529104039729,6.9952620293599,-3.57985162732296,-8.37782382482208,5.74065015775775,-3.73669444357385,-6.40681434852401,2.9308774299133,5.31875568589274,7.38648364752311,-5.61055298739589
"37",2.33774469831171,-2.20268371924997,-4.32525553652167,0.505579578784129,-7.440539680758,8.17802060239062,5.85628756898024,13.156705219289,5.58539183699715,12.6307442854891,-7.16771445651387,-3.89675193430598,6.18529119696811,0.214715122595975,-3.29405092258926,-0.542736703145841,-5.48272036180576,0.902711289474454,-5.50822959975354,-2.8703265070424,1.27855109563919,-2.77561336809982,-4.92874789853685,-1.76102743635422,-5.97919294624994,-0.550333521729395,3.96896117358373,3.83400221577156,-2.99965684463621,3.27816349974553
"38",-1.81694037228682,1.37665815639836,-2.80288987589088,4.62795437291793,-1.41523769990409,3.64693234809725,5.50146075531824,6.52323765578329,11.9408628997023,7.37107434424572,-2.45333152311915,-4.0848172771195,0.597247872909049,-2.69293998483351,-0.204812848460871,0.671500487206208,0.430781806875089,7.61868220101776,2.02122944551992,-8.59802758846061,-0.895145061738666,3.03296151676652,2.13172947847897,4.97475013525592,-9.45849091840934,-8.35814735915729,4.39291190763217,-3.71137288079576,-0.00100682341034908,0.391603671447307
"39",9.97823986412567,-6.6266886142847,7.83095760448577,2.42894263463069,1.53559035583113,-0.192191429811719,-0.53646905919099,4.00503688781856,0.960795875154249,-1.15717095519886,3.09829309210846,0.0735690224488152,-0.478408381129069,6.41227990526658,-4.06402134584492,4.4205704730019,1.04780364403306,6.0586222132867,-5.802605376287,8.94817122953383,6.18294646441006,-4.7645339607146,1.40538920488535,-5.7913650911392,5.74601861023621,2.83127282928887,6.58726644417751,3.28079231931453,1.14073610360029,4.34300280947768
"40",1.79969576665876,3.56991180499509,-0.114119006714593,6.34275649458504,3.14024190103693,6.45096914455206,4.16237843762761,-1.91901990094406,-8.72668065263392,-4.77486405960505,1.45640227945811,-4.96785870244085,10.2065845613251,0.528857492347684,-1.44179682125262,2.94610706865098,-8.56745445250808,8.52958320881381,3.18299479671287,-0.952133135283008,2.35564841993551,8.83766492055631,-4.61531400248722,3.72742265216429,-13.5156479814024,2.98303791386516,7.64130091980108,2.15915289444873,-1.14812224353476,-1.90887266599161
"41",-9.43376242833682,0.99968982548254,5.02136737610456,2.94923720921624,4.61737053345077,5.91852540884959,-4.80688580333586,0.532074777594862,-0.799213211621535,0.728425712724097,-10.0297564798191,-0.714857827439441,-3.05755972373348,9.71378449358612,-6.81895018164856,0.856128842228654,-0.341989487080359,-5.53802999498316,4.537987922442,-1.87242073691661,6.65062690930756,-7.08219087139181,2.54390388212301,-2.29350963631564,-2.03325855887632,-4.19825894464615,4.68743470686364,8.21079433207201,-4.25251656059212,0.242563969147257
"42",-3.48555985456139,3.36832564979543,1.22690023631068,0.501068033234397,9.79601817138288,-6.2544000044783,2.63123895431664,3.5421910863318,-2.18704381387768,3.08383620196073,-9.14195297611125,5.11422580508817,0.279535802232468,1.35106265628563,-1.89766971621572,2.67479964525096,-10.5799746857885,1.47714493802383,2.56389660012595,0.238457387641637,2.02063495737687,1.81887186137722,3.41589547020308,5.04266178683527,3.85480792243619,4.0141792296659,4.92217600615372,12.6462876928753,3.62096956703364,1.2324179440503
"43",9.9641961150246,-4.12308966328134,2.89096776631522,-6.23048960699031,-6.20191281911671,-2.54319648083437,2.10046996012215,-5.24440592064974,5.30996188684462,-3.5599883801676,5.723861660746,0.0351250498810002,-5.70327533728955,-0.859181955837727,0.4535506186013,-0.821756520881055,-1.51321872009449,4.10513639992321,3.90754257399006,-4.7432970294342,11.2182570371323,3.46613341185158,0.26792525944583,-4.12707201888143,-5.62118895838662,-12.9434610340919,-1.2115958853151,6.73704481802695,-0.78568432221419,4.46095991297408
"44",11.8227368147403,4.40733015488046,1.91012516759275,1.02012051673713,-5.99935084135088,-1.8513943156609,-0.642900904185951,2.76440138389653,-1.44413693006649,0.947860381946732,0.733010066999288,4.03182110915819,4.59422842702777,-5.90570933597328,-0.873471266387666,3.77990786229174,1.22367280259685,3.4816979494724,9.17191197812502,-4.67250817934885,13.5716959384236,-9.53966062208083,1.90135387555081,0.794209638555315,-3.81653445727739,0.032479392798988,-8.87100414522528,-0.215106730070847,8.99883420060144,-2.48170047803476
"45",8.51173759132239,-7.6603878196827,4.92933282011983,0.828427880721541,-1.19555864303246,-8.49336468657153,1.17945161734289,11.9272657945629,-0.191133463509351,-4.34423273290253,-0.648924644261166,-0.0608845977882283,2.81105047084208,-4.41342167999112,9.24967107621167,-2.90321302580062,0.481446300822254,0.623891424582193,-5.42301654297845,-2.47908764394812,-4.28593025156955,-1.50275494234567,-2.89189972674247,1.56613012602212,2.11284008107145,5.41284014449421,0.841136429089825,0.473732346332056,-3.78944714744297,0.475862707047056
"46",5.61154568343428,-4.97523043737062,-0.096801454521386,6.07400034968664,3.96251270386581,3.72272813185661,-1.78027960457216,2.88205268793922,0.897174376506942,-12.7823985181613,-0.130216935543081,-1.64972416995073,6.65505373961537,-0.42515556990976,0.426978502354798,-4.79128349305575,-1.17841443924544,0.656954229277327,5.08115246976478,-3.90111068928416,-5.12337096879601,-4.57986731874611,1.56568896581764,-9.02706709783,-1.12803858919659,-10.6769317587541,-5.4962677345489,6.02641601710208,7.16393552956058,8.35439611791737
"47",-7.95612311438999,8.46108493314747,-0.340736010176283,-3.58982474957921,-4.611637673997,1.65902633077886,5.06027253578679,2.38483428877132,-1.90518278957468,-3.31449753477711,-2.01251585632116,3.30752463857376,-4.61449943844495,4.05562888741372,-5.72665321839837,-3.29250898237302,2.75427399572526,3.64574702382338,8.25936064954766,6.46175853820661,-2.40154371888219,5.50771772019641,-2.23658228174776,0.899362482910973,-12.5401600438294,-5.98013808461224,3.81840231973233,1.39401371512282,2.03773307133241,4.84136112330423
"48",-4.28771987206989,5.29474176804637,-8.54430216984106,12.5064169742766,4.45804275753434,1.14319868893241,2.89390101988008,6.91906848151625,-0.170100557199757,-1.43150190316664,14.2936886972495,-5.89178736788701,-4.60901052522165,4.53289088124884,4.33921548937728,-6.0756766413498,7.96872288014284,7.0639672096353,-1.73680942192797,-5.27733020083149,-2.6322744747726,-2.00125467951412,4.25266881768482,7.5290136471005,-2.41859539672684,-4.46161212664755,2.70203782158854,13.6136580133013,7.90107183909594,4.97709614063118
"49",-5.12563442666512,-5.7146169580163,-1.43261967014891,4.62774259737237,-0.29487426562548,10.7187691616814,10.4845804995344,3.04364499918843,1.85205996089876,-9.78493127055876,-2.4106931672579,-1.99130906043427,-3.03745847617754,-0.881235872156044,-0.562869669214342,5.96468569676445,-0.864987352762673,-1.64343232699682,4.90736644863795,-1.37185714366572,-2.22069081895376,1.37433880686902,3.19584250619119,-5.32252316301507,0.950238598488931,-0.608643275659194,-8.3487316126246,6.49418903377767,-1.24965526854503,0.933601389434187
"50",0.527172206799412,-0.514574457407734,-5.4983252113794,-6.08576098174029,4.47985462749257,10.0860959836681,-0.525755931262089,6.44505718990774,-2.41217720224835,0.600234630315821,-3.33078145100464,8.47023049505417,2.84200890963928,-3.40269351752919,-10.6719617468363,0.699623842317408,4.9468662605559,-10.9450133836434,9.82786714088436,-1.83092896196856,-1.7220036812187,-0.0190256609895503,-3.09941053340112,-5.19278377907069,-1.8956670102179,3.84098814878428,2.9765439346766,-1.32671750588288,0.649783072174599,3.87344473117454
"51",-2.44155136632509,-8.7106813386206,3.26784394306404,11.3415912525239,-2.09462432169821,1.23383651195602,6.45292404932446,-0.905742915804423,5.35634988464512,-7.17240066686151,-0.803579413094865,5.9307557494178,7.81622367270696,-2.94340845809726,5.23940417912323,-5.69848379803547,-2.82849102442717,-5.0139607292183,-1.05934993319602,12.1202976263954,-13.2642877899272,-0.533240538553385,0.0875149981589231,2.68077547646213,-5.09897504094666,5.64352371980543,4.52063786505833,-1.99938533754394,0.235955559418572,3.11688702632856
"52",1.99449882418461,13.5113688065627,-1.98679082879311,8.84457080969275,3.97237967475599,-6.44926859337589,-10.0608367921843,-4.62491065295928,6.44064711402586,1.01658634889755,-4.15343250696566,-7.84407521087718,-0.222265669404529,-3.15911116872684,-10.6769091145622,-0.335276525213008,-4.07359493326923,5.46244961195549,-1.45430420165735,4.61313144595745,1.13824669105764,1.3936166563048,-0.773289135224529,3.07329845305039,5.55143752387586,-3.37663426032022,7.42687783428813,-7.96689289486247,-2.37275678967339,-3.66663151746494
"53",-0.67451213730969,0.019516759751939,2.78160163040476,5.39879749092476,1.05245396206078,-6.06898379038921,-6.92188786905353,-4.03279532629407,-5.5794044546453,2.57428138932409,-9.9419036453763,-0.010613448412224,-9.77173556462266,7.22154730694208,-1.96011795192151,-8.61958718025054,-1.81675046288083,7.030142043401,7.228651298436,5.82932738655715,2.78140802786746,0.111251864577411,-0.0725678202562445,0.00645963959993645,-3.37177143237945,-4.95269763286663,4.85145606939755,0.439246156528981,-9.17083580927884,-9.07548998078793
"54",12.88758904874,-6.83816954103705,3.05573740701417,-3.54233284703667,-1.22885968715936,5.99509546619387,4.82772551959442,6.0452505119087,-2.34625633457953,-0.0248410734323815,-4.80221024434948,-8.47062039547654,4.46452608652651,1.57306252445238,-6.81416490401025,-3.83216508155749,3.23695504965703,-1.4538361261639,5.37092603306505,0.584990157429804,-4.16127609252921,-7.78848314771854,11.9593997778087,6.45520678356079,-3.2161892115083,0.178492303653865,1.37404811957722,6.75885526189549,3.96226099262272,-4.34798551412598
"55",-4.29242770780059,8.48311164174199,-6.71433506526262,-3.25298237544064,0.175347230942086,4.3163966877755,-6.72488730537219,9.48449796356803,5.95264031490591,5.4840978661085,-5.2082076111106,-3.81608803424378,8.07508492647477,3.28964382356405,0.98586731898553,1.3555671456833,0.934591520127753,-4.74223632612839,6.41060544422637,5.30852462332222,8.9294973259323,-4.75254144624088,9.66229209234004,-1.00904263456102,-0.10323058670066,0.26998478359218,-3.99207349799087,1.82190050750784,3.48969319155149,9.5086129927126
"56",-2.55108830653205,-2.11614227818296,-0.585457888674457,-4.20580205519343,-4.0239338388565,5.24098383646448,1.26697360188546,1.47822770046877,-0.0456393678155358,-1.80123800288776,-2.10039155030429,-0.214712085128761,-3.85359942243753,2.36572429852905,2.94321506136742,5.19599776265461,-5.0105112034154,-2.42572992044512,-0.815856737678841,-1.97804023710559,1.93719168147089,-4.76503333681388,9.85770960886993,-6.59866621355378,7.8167206621122,1.77820055178617,-7.91143669260066,-3.61342737311335,-1.03732744740982,1.2760179769057
"57",-5.28964900159685,-12.8254143334848,-1.2804976387573,0.891299681091916,-5.60376449148008,-4.32800822094822,10.5131076351503,-0.290647766535382,-1.50093060975232,1.47534174145398,7.16381880486982,0.702949017786637,-5.22585997164447,-10.2436276407647,-1.31424471428367,-5.03712676615392,-4.58631478342414,-1.45621884439196,-3.43367138894371,-2.0435126364156,-0.530262950783553,7.31076182070211,-0.482008139441145,4.51974543243882,-7.22057084987875,-5.05411338857397,7.23601609444737,6.29778504922862,3.98403786300378,-2.58772179666692
"58",-0.274712029734158,-4.65286971772519,-4.84184713254294,0.635398490435187,-7.94284281565477,-4.37131664025837,2.84466778721676,2.16154895784497,-7.25818877043381,-0.501531639737881,1.00109792378803,-2.5956163263227,0.109269142996292,0.929831324706783,-1.72943345141297,1.20902475400805,9.35125791286122,-1.53330376436365,2.9334018248738,0.716485474498709,2.83249782058294,-2.53839406968897,2.99225876268723,-1.81965819299626,5.34749023725968,-2.90831636400675,-4.87321283144261,5.35973249843004,-4.07263463557281,10.6171447350803
"59",6.99205515848921,-4.76501886776085,1.87378512580857,-3.41358917469426,-7.23367892191896,0.214977738571097,1.41014426776393,6.04280309748398,6.57758333566673,2.19145733470857,5.78301842654965,-5.45226670840032,-3.09219371669989,0.411843471028425,-4.82789549705158,-5.47488205695022,-0.688629057898058,10.2694433647448,5.24042839821049,5.76253090781726,-0.727335924884956,-3.91317308689553,1.80662432342012,-0.675577816205262,-0.517520540375126,-6.87117169891624,-0.310748236554041,9.82488470916805,-5.78219114083524,4.88776115249986
"60",-1.96637608427939,0.511959329076199,7.56252312336507,6.2652539867554,4.16824255202537,-1.96935061407899,-5.80387754564705,-2.28114931896014,0.627580177372542,-0.140601868869064,-4.77982739143029,2.67948917412418,0.794161891991061,-11.1700515768174,-8.37332618801685,3.92091820074681,4.35937035049686,5.52448244692204,-1.76612190896061,6.94280108616126,-7.05888132106497,2.86088880159229,-2.05391121462024,10.028074902111,5.04829819465804,-3.16135959591386,-0.844200444780791,7.28940367468615,-8.34291504251211,-2.42552170059183
"61",4.65380991159413,-5.00102902655025,-0.335111034514963,-7.74788273697695,-6.34083307935788,-10.0679200536745,-3.69680826629905,-5.0168881884653,-6.34268632728733,-5.55412864132385,-1.76518103142033,3.39384525833758,6.65070268539578,0.936912089619793,-1.37696565234702,-1.47682707048752,-4.94114708017133,4.19038990966489,4.65533014454323,6.0148480596494,-3.36184943156025,-8.18422967786699,3.73740121301234,-5.49666576903065,-7.46205993455972,-2.16448313412628,-1.09855946364188,-1.43317478634802,-3.09976683023156,7.836988371378
"62",4.7469687346062,0.0637802768488021,-3.20030141918486,-1.11389081532965,-4.80799951851546,4.49391185164036,4.27549910632936,5.41360991621022,-1.55389925484902,10.9367347855086,3.52726344278901,-1.15419544587534,1.61924438540161,-4.29526588039118,-3.4757986222522,-7.81033196473759,-0.751611623168318,2.60281289229036,-3.22837244308076,-7.64218032788508,2.468993636617,-6.8625869231711,6.04772121717785,1.67190542435767,-12.738831210301,2.0627982492536,-4.74315217302088,5.79071152400679,-3.08053443334057,0.906462175645508
"63",-3.36873396935836,-0.493991320282655,-0.763257668541517,-3.32878684712346,-1.45985651433665,-3.88792724321508,-5.04607974754357,2.54336031512716,0.706705031269603,-4.12335032478512,-1.87184197636688,-2.12162016851808,-7.5011885155362,-5.31600790069776,-2.7265776643246,-5.11754678941348,-0.647124488347745,-4.64498018178676,2.60873184670727,-1.52872364251612,-1.17799519460295,-0.227327014484885,2.66451232632839,-2.68531542008454,-3.26795055169581,-4.73450794050913,0.683428424014969,7.27204496941416,9.39214105260097,-6.7362646440251
"64",0.119767459872379,-4.62691889661063,-3.6161543188359,4.55952030884003,1.27954023330262,3.02084067513876,-9.37400252469972,-2.74693536346595,-4.0800981844752,-5.48904068815443,8.27562817859058,-3.57650629773029,14.2805891637392,-4.47952038504062,7.34321543151601,-1.09247021533024,-3.68603383425783,-5.12905945094754,-8.64588166041086,-0.898463085595312,-1.84057527544504,11.4056971475636,3.57074637001061,2.40316088236407,-7.5397811130351,4.78060692588736,-1.17681484674783,-0.393206674951998,-9.76813657512488,4.21169418749545
"65",1.50884130041253,-9.514638204805,0.867987812841015,-4.20217717098087,2.74421131973544,-6.05887861108389,0.90987723669212,6.9890136449172,1.88874245162743,-8.37768391073372,0.0829641919492907,1.46282852961122,-2.2980256753202,4.85737079701277,0.552355493776846,2.13508552951241,3.64003682074493,0.853328025452111,-0.817535761375497,2.12788754581207,1.11409567388848,-2.13857959481521,-0.549165873914004,-4.07511998957723,-3.98833304828454,14.2526513461398,-5.19797414285991,5.15793773572407,-0.903603089592944,3.56009032819611
"66",-9.38658612791803,-6.96232223919729,2.82800288522889,-6.17207860688361,1.335367441454,-2.58711656720855,-12.5378148699125,1.34945022965687,-4.09626500256143,1.97757363491649,1.46600762777598,6.77431685875269,10.6613483579297,-2.91559275911534,-6.02686967977838,-0.516373652705746,-2.81832398953878,4.59768538776847,1.12307125662701,0.9937257795424,5.39095086789975,-2.38246232967519,-2.89852551122357,6.16258903290322,-0.173256324736441,-4.43127029844512,-3.56147294090434,4.7138652934933,1.00491818100242,-3.97654684126185
"67",-2.30005150437639,-6.23985337487217,5.51028508333479,-0.870390448035176,-6.53435305821303,11.050576906193,-1.2270153302916,9.1461061320204,-1.42244382448275,4.87156054792005,-2.43076542689697,4.28510779250182,-0.510310543444127,0.89914852781855,1.6780523247555,-14.9504938686298,3.18686381044758,-6.26740498081368,1.72814897611642,-0.458849216441831,0.904294127124222,4.44452313518067,5.71931927266616,-4.48131051780899,-0.325797016224179,-8.23557025440567,-7.43888108731126,2.96623713431665,9.70928127822192,7.6001663954316
"68",-12.0108047110986,3.57891843487509,-7.14981789997468,-8.03514434448588,-4.85436326094777,-4.03178206329812,-0.663542624595837,3.81226899845924,-4.53615919116828,0.915239254126316,1.42666615294958,-2.92032751938801,3.73793246045049,-5.0785178118432,6.18210536914329,-4.34151841146996,0.278696732550699,-10.8708511611009,-7.14779125983712,0.55086506797198,3.87377522126036,-5.13848309174839,0.265705745713502,6.31254322210876,5.15862712184936,0.0954615973966657,3.1527066199771,-0.602940530929608,0.241764760119917,1.74001156096967
"69",4.41053948235679,-4.55313778620309,5.70497590367341,-5.54790016696664,-4.78741272163599,-4.44678667455886,3.2580110672642,0.239401827328867,1.33492584310616,-7.93747266787013,-2.89182272174725,1.23742652009832,-0.16997897181371,-3.36180897399349,-8.6334323543862,-0.661131102399218,-3.58274901887343,5.0864150780991,8.3565890683688,-1.55463048093493,-8.05484212065894,6.28066222337672,1.58127515170005,1.15262574195154,0.997871222309076,-7.15978865945444,-4.30320597871923,-7.49101396339433,5.64802220354558,2.28484707168105
"70",-3.43479981177193,6.22060462689556,-3.45737673975946,-8.01018130911775,2.96683383816717,-1.7671198261978,-7.40185637063831,1.01832249227824,-0.114110373244702,2.26226482811457,-1.5416814642528,-3.96131847612456,3.03759822305419,-1.75574659976621,-1.54417604627028,-8.49586421618978,3.28025244569188,3.87809060494237,3.28633557699184,8.7012676140368,6.75326804445995,-6.10910929614876,6.13750196059067,8.02952169956307,0.30823072362038,-0.8589776577061,-6.12936388978419,3.92134288346151,-1.85132385791236,14.4807249636541
"71",-3.62195228405485,-11.8751198238042,2.15105560405262,7.10005835289197,-6.2364749666269,-2.72495916596663,0.631571221319459,5.00902123993259,-1.10786567888137,2.2931848666924,0.895324389841801,3.93844069686436,0.59348033474877,-7.23727852297521,3.86301256056,3.825996025678,-9.17342905150084,5.17188835248521,0.884014713605875,0.011207694530193,-7.61110965209149,1.05768723175516,3.65964858722379,-0.0437854658301354,-1.52352192742093,-10.1248816370237,-1.39952007404687,10.6682055872316,-9.94904006098042,0.695848924294359
"72",-7.56189638688905,-2.47976190637607,4.70616763412795,5.34732353765311,2.88100516957987,1.37190767472543,-5.91815694432292,-3.74246914670761,-4.47707257240644,-5.04240264101957,6.80143055617955,-2.49163985658809,1.09528894035915,1.25131686978217,7.55540915851751,-9.44105170172651,-4.19187175829247,3.41843435044485,-0.975875877892622,-2.36168617687567,5.00745306769893,0.623541299267818,3.35921128878373,-13.1918844491618,-3.9580120654472,-2.81376744747468,5.89293358210513,1.89520382121226,-0.39976924963808,-4.76451943255617
"73",4.39104941844888,-1.25756284790666,1.43815331449548,-2.06563161397963,-3.92498120668621,2.37663228183294,-7.06753378562864,2.4053071802931,-2.28512481172557,-6.10338929956681,-3.62297332265527,-6.33613217478315,1.91950566495155,4.67781595722001,-4.02415327399474,-6.09737433903487,-0.892057144025225,1.09440309625513,12.9367355813134,0.917179802950999,-5.72796261736511,6.86679139732874,3.38697379208079,-1.50676350324606,6.37016512128239,3.57590112123204,-3.47765128024286,8.43548683246975,-3.85594082635532,-6.54293598952604
"74",-2.70430376339313,4.04314132837791,-6.0382052261671,-12.6638917562045,-3.34436707810767,-5.52533915976525,3.16301530048871,3.28202341337907,7.30513025903757,4.59818148992473,-0.983146388670381,5.99414241101691,10.5686003115653,3.55791825843581,7.90195486575938,-8.52591670534161,-1.26286772930126,1.64683738414212,4.48409621085978,0.46009363368182,-6.01590856771439,2.64842315265815,8.56205950656068,-1.06448409548109,2.13552373135297,3.31418805491155,-3.19221826817558,11.0231499990182,-0.492138994835847,-0.555459656237319
"75",-2.23484713286701,-1.02756020567919,7.84516072705854,-5.01822725720607,-0.367932081331723,-4.01952455084681,-4.00133821177823,-4.59825573987369,-2.77709080444308,-1.51780465056349,6.09751321132267,1.25273734797233,8.62532328713371,2.73633741389215,-3.26241787797411,-4.78308749549488,-1.73989182549737,6.43839470942899,-3.77376306718276,4.13629300431627,5.58193912851112,8.44258960414404,-5.059146616308,-4.85699761370773,5.44200767686473,-2.98661346064653,6.23964005496308,1.21116175219111,8.11436635619687,-5.04571182847531
"76",-5.0267603085941,-6.86836890487906,-0.321501137577987,1.21363597570755,-7.44981626931535,2.07830873283674,-3.67734095892007,13.1169209314798,0.342741368180294,7.34740080810766,3.50649074476585,4.0797301472358,-1.77686419516769,8.66629293320125,0.550883292345189,-10.0123034274355,-0.601506035236804,-2.76163380677057,8.22412311011885,-0.301470554427925,-7.70617894251542,-4.96369748810259,1.41938230739425,1.37696856715537,2.57980588037526,-1.09793145546527,1.19083092042955,6.29212997161087,4.81300820215794,-4.74521614621085
"77",2.36724363596169,-7.21987177927824,3.52391308278981,-0.593995485115274,-0.569361850754904,7.07011998604144,11.0438316309363,-0.644076931820192,-3.84554675044108,2.03525308751231,3.70356541543944,-0.591999207500264,-3.15459170452636,-4.70385653053878,-2.99806435236825,-1.4416124223421,0.227449833895656,0.790466975587924,2.16792205621598,-5.17882637274087,-1.95694849353441,6.04798773166901,7.11194396887691,-0.522857556863815,-5.88802917334127,-2.46110515941188,-6.38391688813324,5.29739812780722,1.6332319804046,-0.113154843162046
"78",3.62194622603035,-1.53267383319312,2.41099181329366,-5.56478251346051,-2.06819390870145,-10.6979615917472,-5.72403461453251,-6.97741173092259,-6.54051591747658,-4.20477253937295,5.65508151593482,2.66558622587076,3.74981288313573,-1.19217084272285,-4.52917032422781,5.81894460877462,-3.53920401974756,-10.1256766033158,4.85797980291731,-2.30734571861394,-0.884453547226779,-1.68874843614145,2.10698152313014,-7.53380116560058,4.79052190205913,2.34476724471485,-5.28472031756152,1.64215542785883,8.85215221888283,-4.14857782310158
"79",5.56988332009205,-3.71365792562683,-4.25583882962322,3.52955718681645,5.8919024154218,-3.26956204399334,-0.233248375874217,-5.32984760555777,-3.49604811935029,-0.327140614586817,0.70421233045862,0.358215535486914,2.32478779236037,6.29385341091482,-4.8469193152019,-7.83593691223271,-7.06208623149454,6.84286361370653,4.23912109411338,-4.07347800439649,-0.351765403508881,-3.50103262440487,0.682268282849752,3.38905510760472,7.18303016253198,-2.04708092138694,-7.44851082829016,10.7832969542712,3.35626406154353,6.86500229506551
"80",-1.55213572867606,-2.48864978500114,5.63917891902698,1.87588323469066,9.42354673901762,-5.4945566938885,5.0361589006665,5.48430431044607,2.65939993245797,7.49698270156771,1.27875469752738,6.40196866641597,-1.01860426672232,-0.72670158623942,-2.93849202641594,6.44120514921081,-5.10979531309752,-8.92533077127632,6.53058800064993,0.716471092933924,-0.221068283389223,-1.74272324011112,-9.26863911366399,-12.3148668597837,-1.62943688698762,-0.447050543754123,-2.61403299977618,-6.37581353235923,-1.39129815638194,2.52081260687397
"81",1.85369073698726,-12.9323278311353,-5.39068583541438,-2.43778805269934,1.92368755881295,2.86159628883896,-9.27560694248461,7.51047500430093,-0.0965924668994624,4.2207510323553,-6.62855258606205,-4.79979293341421,2.57837942108054,-6.95741578624563,-1.50489395763037,7.4614996978063,-4.60789566380862,3.97342511299335,2.86098716391024,1.03025268003654,-8.27753113723657,-7.98515943404746,-2.25916321579342,2.21688718421045,2.29634215540723,-2.22173135419813,3.76030326731608,4.74282296867997,2.22310253903907,6.97443682227049
"82",-2.15622985809513,4.88148672755488,-3.64808387631059,-3.20844196116544,6.25369171316443,1.21211998842815,5.42930288963641,8.9272313893489,3.51803806927682,2.37138211645906,7.03760172683393,-7.03998373149207,-2.79320126008019,11.7401961868061,-6.884921322772,1.92351029361078,1.58750256605996,2.81035597812668,-0.076710859764021,2.28487569521561,-2.1057880996619,-1.69773737490618,1.99132239889441,4.33285359411078,-4.56145145680019,-2.11221153599809,-4.17079438616272,4.65114402519558,7.4747980143908,-3.06974290057173
"83",-4.77973173100332,-4.81495216443013,2.02816651460581,-2.6908195152239,-6.55983110646967,-0.549144017649875,1.00526893524917,2.30372481716134,0.625840790048542,1.53329199235645,0.182787651117553,4.55612880118691,-4.42945592669428,-0.660328721892201,2.02877205084398,-8.01518625244009,-2.75134008913471,2.79980487920721,-11.9211270470952,-2.12290321507552,-4.72830513427123,-1.30735791284951,2.14475138721406,-3.0977979521162,-0.162655313357159,-6.78627150448149,-6.03249389295626,0.0412801365769506,-0.140846955706481,1.78538783391697
"84",-2.00736070742296,-8.17379410503445,-1.69223395040327,-14.9625629801846,-1.22814956807614,-7.23203068372994,0.345023148361547,-0.2403507714959,6.73821655901689,-4.32374145985785,0.950616844073891,1.09425206181087,-3.74307376540149,-6.537836602055,-0.25716785435375,1.75380564954936,3.18400501730499,-7.05278070503729,0.190592432795204,8.47614908578744,0.408734050758724,-7.9886580238478,3.39572201214953,0.335166452901263,-0.0338776047424275,-0.302217278061091,-8.79910648487068,10.1158561629244,2.80951588832136,-6.67552359982218
"85",2.81898788696453,0.258798616540242,0.890028028786393,3.11932155456423,2.61036921917567,-6.78718167820283,5.7721015677205,-1.08288814388201,-0.714948999528642,4.52356214661302,-7.62970028029388,-7.31050004876587,4.5639263954361,1.14778262344031,2.3436258905313,3.97102409798494,-4.91896918408003,6.37967652869801,-2.98289279937144,-0.32421634794036,2.2334860549349,3.9508485518354,-0.259618497218817,1.01461060579552,-3.078150747976,2.61444653444927,4.53768474890484,-5.49946893205076,-3.28151194659138,-0.0856236380544309
"86",-0.573557756074546,-7.89123483101293,2.77150912229433,-0.974633573913137,0.41832878902727,-2.10149672453074,5.00429008324893,1.14103607014668,5.64744964174006,5.76948238800922,-6.16729100151208,-7.81521737223539,13.9357545016643,-5.0330835248929,-4.47771426196346,-4.8631951728097,-6.15869912308295,7.35659219322968,-2.14932522455959,-0.992824807070833,0.180990284664362,-1.1036529259687,2.88567406891129,-1.96926725513429,2.06604362858054,1.40253425627753,0.179437374023757,8.58666465872871,-1.74448768352815,-0.551811638661105
"87",1.16677234020659,-6.98124104405221,7.11322662914559,-0.600545195202331,-7.32917803562715,-5.18602583153522,2.07652023961429,-0.82497349557367,-1.89611605159948,-10.4694170414381,-3.80032908792336,-8.7004532418349,1.32324598481009,-1.46143584252719,-2.77884835032223,-3.90805853902741,-3.60025554356598,-2.36287256453841,-2.68735145709794,-1.24786596633856,-9.15558218337264,5.9259605920129,-7.357925848158,-4.60526401056105,2.8069556792137,3.35751335064137,-0.196355122058457,-3.86734447104785,3.30555757185381,2.30065422798242
"88",-3.50263457393634,-1.94989283961485,10.2136855387858,-1.74286094782034,-0.000795600539056696,6.55246719434492,-8.55998003071881,0.198246258289031,-3.41741811244724,0.188968956137716,-13.8980107539072,-6.25518851956495,4.73121312662398,6.59805287848414,3.82879470729323,0.174031362927929,-5.75912606953589,0.965741356895274,5.00966172231313,-7.21140855168487,5.84959673793731,1.39699562224288,9.46157764492688,-4.78010127188302,2.7198405725352,1.52719674818376,-6.61796947173986,10.3361729442647,-5.39860887665975,6.28730527114075
"89",-3.25213914281944,-2.86230984860721,-6.79261443762708,1.42267907836415,-4.96436062323632,1.64126157058355,0.492921636197862,1.02415654508047,-2.6000005956069,-2.707846938894,-0.646596746746951,-5.68915047613027,11.325576396702,-2.68200720752309,3.16701315140097,1.67831565248107,-3.67962938577282,-7.40316173706399,-4.4323552453358,3.92796983154053,-1.57283240729672,-3.58605997263683,10.7422130776931,-5.16855731855723,-1.37582483397418,-2.05707095072668,4.34288081625111,1.31020390918997,3.23379989576818,2.56228261520339
"90",1.18276749349193,-3.14133648906817,-2.1937941284051,1.52858916197147,-4.10729775679173,-0.974443104550248,2.15266898823987,-14.8181524588927,0.883113207436518,5.91374728492964,6.7490229271057,-2.79979481631708,2.8608248708353,4.84681992590523,-10.7861289498216,-7.16537908956323,-5.83922047642798,-1.68506643514425,1.13446687460888,-4.42662685600524,8.25344690738772,-8.73507205803537,9.72737512018254,-5.82295143585007,-3.38082572858313,-4.03756515165697,-2.45111111812904,-1.49306175652712,-1.9673141305083,10.7347561501935
