date,epsActual,epsEstimate,hour,quarter,revenueActual,revenueEstimate,symbol,year
2025-05-16,,-0.0202,amc,1,,,DSX,2025
2025-05-16,,,,1,,,PDIV,2025
2025-05-16,,1.2272,bmo,3,,390677595.0,BRC,2025
2025-05-16,,0.101,,1,,48205280.0,MHH,2025
2025-05-16,,,,1,,,EMYB,2025
2025-05-16,,2.7284,amc,4,,444660408.0,RBC,2025
2025-05-16,,0.0204,bmo,1,,54646245.0,CDRO,2025
2025-05-16,,0.3832,amc,1,,1618337776.0,FLO,2025
2025-05-15,,0.1405,amc,1,,333453595.0,CAVA,2025
2025-05-15,,,,1,,,FSEN,2025
2025-05-15,,-0.0918,amc,1,,29682000.0,ORGN,2025
2025-05-15,,-0.101,amc,1,,8484000.0,FLD,2025
2025-05-15,,0.0714,bmo,1,,281968.0,SNYR,2025
2025-05-15,,,,1,,,GOAI,2025
2025-05-15,,,,3,,,LBUY,2025
2025-05-15,,0.1717,,1,,771018850.0,RLX,2025
2025-05-15,,,,1,,,VTDRF,2025
2025-05-15,,,,1,,,NITO,2025
2025-05-15,,,,1,,,OLVI,2025
2025-05-15,,-1.3362,bmo,1,,3979020.0,JTAI,2025
2025-05-15,,,,4,,,AVRW,2024
2025-05-15,,-0.1608,amc,1,,121635000.0,GOGL,2025
2025-05-15,,0.0918,amc,3,,6120000.0,TRAK,2025
2025-05-15,,-0.051,amc,1,,102000.0,QUBT,2025
2025-05-15,,-0.0202,amc,1,,38655730.0,WYY,2025
2025-05-15,,0.0,amc,3,,22826000.0,IPW,2025
2025-05-15,,-2.738,amc,1,,408000.0,SPCE,2025
2025-05-15,,-0.1836,amc,1,,4386000.0,DUOT,2025
2025-05-15,,1.1197,amc,4,,1581459000.0,TTWO,2025
2025-05-15,,-1.2359,bmo,1,,1118188770.0,CSIQ,2025
2025-05-15,,-0.3876,,1,,0.0,BPTH,2025
2025-05-15,,-0.0204,amc,1,,102000.0,SCWO,2025
2025-05-15,,,,1,,,TLGYF,2025
2025-05-15,,-0.1,bmo,1,,5294310.0,ONDS,2025
2025-05-15,,0.2521,bmo,1,,40866300.0,GAMB,2025
2025-05-15,,0.278,amc,4,,136704704.0,DOCS,2025
2025-05-15,,,,1,,,PNRG,2025
2025-05-15,,,,1,,,RMSL,2025
2025-05-15,,-14.3616,bmo,1,,14271330.0,VERO,2025
2025-05-15,,-0.1979,bmo,1,,5956800.0,MRSN,2025
2025-05-15,,,,1,,,ILAL,2025
2025-05-15,,-0.3876,,1,,5868570.0,LFWD,2025
2025-05-15,,0.0347,amc,1,,7379088.0,SRTS,2025
2025-05-15,,,,1,,,LVVV,2025
2025-05-15,,,,1,,,ISRL,2025
2025-05-15,,,,1,,,FGNV,2025
2025-05-15,,-0.9848,amc,4,,0.0,REE,2024
2025-05-15,,0.0408,bmo,1,,27744000.0,IMPP,2025
2025-05-15,,,,1,,,JKSM,2025
2025-05-15,,0.2244,bmo,1,,1455557340.0,GOTU,2025
2025-05-15,,,,4,,,PPYA,2024
2025-05-15,,,,4,,,NRBT,2024
2025-05-15,,,,1,,,DGLY,2025
2025-05-15,,-0.306,bmo,1,,10200.0,IPWR,2025
2025-05-15,,2.357,amc,2,,7265550912.0,AMAT,2025
2025-05-15,,-0.3162,bmo,1,,71038236.0,BTDR,2025
2025-05-15,,,,1,,,AREN,2025
2025-05-15,,0.5828,bmo,1,,167518901394.0,WMT,2026
2025-05-15,,,,1,,,PORT,2025
2025-05-15,,,,1,,,SOAR,2025
2025-05-15,,,,1,,,WELNF,2025
2025-05-15,,0.0286,amc,4,,295294080.0,MNRO,2025
2025-05-15,,0.2081,bmo,1,,1394535280.0,DAO,2025
2025-05-15,,0.153,amc,3,,16461780.0,LGCY,2025
2025-05-15,,-0.0988,,1,,941356510.0,AZUL,2025
2025-05-15,,-0.5763,,1,,0.0,CTNM,2025
2025-05-15,,,,1,,,TSSI,2025
2025-05-15,,-0.3333,,1,,2878500.0,SLE,2025
2025-05-15,,5.7474,bmo,2,,11115736062.0,DE,2025
2025-05-15,,-0.0153,amc,1,,2907000.0,KULR,2025
2025-05-15,,-0.5916,amc,1,,2040000.0,ACOG,2025
2025-05-15,,14.2559,bmo,1,,29056481623.0,NTES,2025
2025-05-15,,0.102,bmo,1,,8466000.0,DTST,2025
2025-05-15,,,,1,,,FINV,2025
2025-05-15,,0.9112,bmo,1,,463182162.0,MRX,2025
2025-05-15,,13.2007,bmo,4,,241988706263.0,BABA,2025
2025-05-15,,,,3,,,MITQ,2025
2025-05-15,,,,1,,,ELTK,2025
2025-05-15,,,amc,1,,,SRXH,2025
2025-05-15,,0.0934,bmo,1,,153189730.0,BTM,2025
2025-05-15,,,,1,,,FBYD,2025
2025-05-15,,-0.1549,amc,1,,957146.0,QSI,2025
2025-05-15,,20.0603,amc,1,,5547972086.0,BAP,2025
2025-05-15,,,,1,,,BTCT,2025
2025-05-15,,,,1,,,GTEC,2025
2025-05-15,,-0.0816,amc,1,,229500.0,RNXT,2025
2025-05-15,,-0.6018,amc,1,,71196000.0,KORE,2025
2025-05-15,,0.519,bmo,1,,2637910607.0,ZK,2025
2025-05-15,,-0.5406,,1,,8160000.0,USEA,2025
2025-05-15,,1.0992,bmo,4,,662369221.0,WMS,2025
2025-05-15,,1.6138,amc,1,,634171872.0,GLOB,2025
2025-05-15,,-1.4246,,1,,2535383.0,KSCP,2025
2025-05-15,,0.1717,,1,,74673845.0,ICG,2025
2025-05-15,,,,1,,,THMO,2025
2025-05-15,,0.0505,,1,,10303010.0,FSI,2025
2025-05-15,,-0.0732,,1,,87163000.0,CAN,2025
2025-05-15,,0.8466,bmo,1,,1015920000.0,VEON,2025
2025-05-14,,,amc,1,,,TOI,2025
2025-05-14,,,,1,,,KNDI,2025
2025-05-14,,-0.1224,,1,,2448000.0,ZPTA,2025
2025-05-14,,-0.0816,amc,4,,9181020.0,HTOO,2024
2025-05-14,,-1.4722,amc,1,,65464956.0,BODI,2025
2025-05-14,,-0.0306,,1,,15810000.0,COSM,2025
2025-05-14,,-0.1173,amc,1,,0.0,MGRM,2025
2025-05-14,,,,1,,,SLNCF,2025
2025-05-14,,-3.315,amc,1,,0.0,NCNA,2025
2025-05-14,,-0.0068,bmo,3,,251634000.0,LUXE,2025
2025-05-14,,-0.1326,amc,1,,24551400.0,MDXH,2025
2025-05-14,,-0.7038,amc,1,,15249000.0,ATER,2025
2025-05-14,,-1.0965,,1,,24346716.0,SRFM,2025
2025-05-14,,-0.0408,amc,1,,,USAR,2025
2025-05-14,,0.3182,amc,1,,149230763.0,NVGS,2025
2025-05-14,,0.2448,amc,1,,182070000.0,DESP,2025
2025-05-14,,-0.6792,bmo,1,,0.0,SGMT,2025
2025-05-14,,-0.0391,bmo,1,,48307200.0,KRNT,2025
2025-05-14,,0.9328,amc,3,,14327551553.0,CSCO,2025
2025-05-14,,,,1,,,TREP,2025
2025-05-14,,0.0153,amc,1,,12240000.0,GWRS,2025
2025-05-14,,-0.1285,bmo,1,,191632316.0,GLBE,2025
2025-05-14,,,bmo,3,,,NTWK,2025
2025-05-14,,,,1,,,BCHT,2025
2025-05-14,,0.0,amc,1,,3468000.0,BLGO,2025
2025-05-14,,-0.0153,,1,,2483190.0,MLSS,2025
2025-05-14,,-0.0714,amc,1,,9187476.0,CTSO,2025
2025-05-14,,-0.102,amc,1,,1911480.0,GCTS,2025
2025-05-14,,-0.102,amc,1,,70890000.0,LVLU,2025
2025-05-14,,-0.304,amc,1,,11860968.0,SCPH,2025
2025-05-14,,-0.4151,amc,1,,946181243.0,FIHL,2025
2025-05-14,,0.5352,amc,1,,45983028.0,CCAP,2025
2025-05-14,,0.9883,amc,4,,838966832.0,NXT,2025
2025-05-14,,,,1,,,GBR,2025
2025-05-14,,-0.3536,bmo,1,,7631130.0,SPRY,2025
2025-05-14,,-0.952,amc,1,,10667160.0,EDRY,2025
2025-05-14,,0.2958,,1,,,SWKH,2025
2025-05-14,,0.3856,bmo,1,,365315040.0,TSEM,2025
2025-05-14,,-0.119,bmo,1,,7624836.0,DRIO,2025
2025-05-14,,,,1,,,MDLM,2025
2025-05-14,,-0.3702,amc,3,,0.0,TBN,2025
2025-05-14,,-0.0765,amc,1,,11123100.0,REKR,2025
2025-05-14,,-0.0969,bmo,1,,11475000.0,INVZ,2025
2025-05-14,,,amc,1,,,DYAI,2025
2025-05-14,,,,1,,,VPRB,2025
2025-05-14,,,,1,,,IOR,2025
2025-05-14,,-0.051,amc,1,,0.0,SDST,2025
2025-05-14,,,,1,,,NBRI,2025
2025-05-14,,-0.1683,amc,1,,5127203.0,ZSPC,2025
2025-05-14,,-0.154,bmo,1,,15525318.0,EDAP,2025
2025-05-14,,,,1,,,KBSR,2025
2025-05-14,,0.1224,,1,,15733500.0,BMTX,2025
2025-05-14,,1.1303,amc,2,,350163297.0,JACK,2025
2025-05-14,,,,1,,,PGNT,2025
2025-05-14,,,,1,,,RAFI,2025
2025-05-14,,-0.8789,amc,1,,0.0,CELC,2025
2025-05-14,,,bmo,1,,,CAAS,2025
2025-05-14,,,,3,,,SSY,2025
2025-05-14,,,,1,,,KAYS,2025
2025-05-14,,,,1,,,SHMN,2025
2025-05-14,,0.0689,,1,,43075875.0,KMDA,2025
2025-05-14,,-0.7548,,1,,2907000.0,LMFA,2025
2025-05-14,,,,3,,,POCI,2025
2025-05-14,,,,1,,,RBTK,2025
2025-05-14,,,,4,,,ECIA,2025
2025-05-14,,0.1275,bmo,1,,1042061916.0,ARCO,2025
2025-05-14,,,amc,1,,,BZAI,2025
2025-05-14,,0.0,,1,,5145900.0,QMCI,2025
2025-05-14,,-0.1428,,1,,510000.0,DVLT,2025
2025-05-14,,-0.5202,amc,1,,2379996.0,AEVA,2025
2025-05-14,,,,1,,,ZDPY,2025
2025-05-14,,0.0085,amc,1,,83706942.0,IBTA,2025
2025-05-14,,-0.0013,amc,1,,,LAR,2025
2025-05-14,,-0.0612,,1,,51000.0,CDIO,2025
2025-05-14,,-0.2244,,1,,9216342.0,TLSI,2025
2025-05-14,,-0.0354,amc,1,,0.0,TMC,2025
2025-05-14,,1.2639,amc,4,,467802671.0,BOOT,2025
2025-05-14,,0.3105,bmo,4,,447820516.0,DT,2025
2025-05-14,,2.6204,amc,4,,1483750771.0,STE,2025
2025-05-14,,,,1,,,VKSC,2025
2025-05-14,,-0.8466,,1,,0.0,ELTX,2025
2025-05-14,,,,1,,,SLAMF,2025
2025-05-14,,-0.3978,,1,,0.0,GHRS,2025
2025-05-14,,0.1205,amc,1,,212182820.0,DLO,2025
2025-05-14,,-0.6562,bmo,1,,0.0,CABA,2025
2025-05-14,,0.1428,amc,1,,11947260.0,EPSN,2025
2025-05-14,,,,1,,,SLNH,2025
2025-05-14,,0.7494,amc,4,,235302443.0,HWKN,2025
2025-05-14,,,,1,,,LPA,2025
2025-05-14,,-0.0269,amc,1,,16466363.0,FVR,2025
2025-05-14,,,,1,,,BLBX,2025
2025-05-14,,,amc,1,,,ICCC,2025
2025-05-14,,,,1,,,TETAA,2025
2025-05-14,,,,2,,,CSPI,2025
2025-05-14,,0.204,bmo,1,,16554090.0,RDCM,2025
2025-05-14,,-0.0867,bmo,1,,6879390.0,SPCB,2025
2025-05-14,,-0.6724,,1,,1756440.0,CRVO,2025
2025-05-14,,0.0078,bmo,1,,80818047.0,RSKD,2025
2025-05-14,,-0.3468,amc,1,,68003.0,COCH,2025
2025-05-14,,7.0329,amc,4,,1205936310.0,KARO,2025
2025-05-14,,-0.2419,amc,1,,9855535.0,CDXS,2025
2025-05-14,,,,1,,,GMER,2025
2025-05-14,,0.0863,bmo,1,,111543507.0,CLBT,2025
2025-05-14,,0.6172,amc,4,,53763863.0,CSWC,2025
2025-05-14,,-0.3934,bmo,2,,1242788.0,LDTC,2025
2025-05-14,,0.324,bmo,3,,202618920.0,DAVA,2025
2025-05-14,,0.1424,amc,3,,162558236.0,IREN,2025
2025-05-14,,-1.632,,2,,5244840.0,YCBD,2025
2025-05-14,,-0.0255,,1,,4386000.0,AISP,2025
2025-05-14,,-0.1581,bmo,1,,5610000.0,SOWG,2025
2025-05-14,,0.3162,bmo,1,,11811600.0,LIEN,2025
2025-05-14,,,,1,,,STCB,2025
2025-05-14,,,,1,,,MSPR,2025
2025-05-14,,,,1,,,SJ,2025
2025-05-14,,-0.153,,1,,0.0,TLPH,2025
2025-05-14,,-0.8126,bmo,1,,0.0,PYPD,2025
2025-05-14,,,,1,,,SCND,2025
2025-05-14,,0.307,bmo,4,,261046560.0,MMYT,2025
2025-05-14,,-0.2805,amc,1,,176524005.0,SBLK,2025
2025-05-14,,,,1,,,HWNI,2025
2025-05-14,,,,1,,,SEBC,2025
2025-05-14,,0.2511,bmo,1,,7758630.0,AFCG,2025
2025-05-14,,0.1173,amc,2,,14513070.0,ISSC,2025
2025-05-14,,0.017,amc,1,,22431503.0,USIO,2025
2025-05-14,,-0.1734,,3,,14013780.0,AYTU,2025
2025-05-14,,-0.2516,bmo,1,,0.0,PDSB,2025
2025-05-14,,-0.2423,,1,,12295590.0,DERM,2025
2025-05-14,,0.3542,amc,4,,341358285.0,TGI,2025
2025-05-14,,,bmo,1,,,UHG,2025
2025-05-14,,-0.7677,amc,4,,0.0,REPL,2025
2025-05-14,,-0.0808,,1,,0.0,AIM,2025
2025-05-14,,-0.6743,bmo,1,,0.0,SRRK,2025
2025-05-14,,-0.61,bmo,2,,716652.0,OTLK,2025
2025-05-14,,-0.5151,bmo,1,,23944500.0,SMTI,2025
2025-05-14,,0.0459,amc,3,,21666840.0,EGAN,2025
2025-05-14,,0.425,amc,3,,1253401836.0,CPRT,2025
2025-05-14,,-0.3902,,1,,0.0,LVTX,2025
2025-05-14,,,,1,,,ARL,2025
2025-05-14,,-0.0816,,1,,667080.0,NEON,2025
2025-05-14,,0.2941,bmo,1,,218855280.0,SDHC,2025
2025-05-14,,9.0092,amc,1,,1556574963.0,DDS,2026
2025-05-14,,,,1,,,SBET,2025
2025-05-14,,0.7713,amc,4,,3160304150.0,DXC,2025
2025-05-14,,0.0522,bmo,1,,50694132.0,EWCZ,2025
2025-05-13,,-0.0816,amc,1,,1122000.0,HYLN,2025
2025-05-13,,-0.1156,amc,1,,7581996.0,PXLW,2025
2025-05-13,,,,1,,,ATXI,2025
2025-05-13,,0.102,bmo,1,,30429660.0,MIGI,2025
2025-05-13,,-2.0402,amc,1,,148924500.0,FAT,2025
2025-05-13,,,,1,,,NNUP,2025
2025-05-13,,,amc,2,,,OPXS,2025
2025-05-13,,,,1,,,IQST,2025
2025-05-13,,-0.561,amc,1,,0.0,SPRO,2025
2025-05-13,,,,1,,,IWSH,2025
2025-05-13,,,,1,,,RBCN,2025
2025-05-13,,-0.458,amc,1,,13826569.0,VYGR,2025
2025-05-13,,-0.2591,,1,,0.0,NVCT,2025
2025-05-13,,,,4,,,EBZT,2025
2025-05-13,,-0.0051,amc,1,,58570103.0,GENK,2025
2025-05-13,,0.0128,amc,1,,97083600.0,KRMN,2025
2025-05-13,,-0.1218,bmo,1,,6297775.0,ADAP,2025
2025-05-13,,-0.0505,,1,,12120000.0,QXO,2025
2025-05-13,,,,1,,,CRKN,2025
2025-05-13,,-4.1718,amc,1,,35904000.0,GRAL,2025
2025-05-13,,,,1,,,EQS,2025
2025-05-13,,,,1,,,KVAC,2025
2025-05-13,,,,1,,,MTEM,2025
2025-05-13,,,,1,,,VS,2025
2025-05-13,,,,1,,,TAIT,2025
2025-05-13,,-0.0918,amc,1,,4544100.0,INLX,2025
2025-05-13,,-0.1666,bmo,1,,0.0,CLRB,2025
2025-05-13,,,,1,,,TNLX,2025
2025-05-13,,-0.7386,,3,,156682.0,IXHL,2025
2025-05-13,,-0.8137,,1,,0.0,NTBLQ,2025
2025-05-13,,-0.2955,amc,1,,1856.0,ALLO,2025
2025-05-13,,,,1,,,CNXX,2025
2025-05-13,,,,1,,,HBUV,2025
2025-05-13,,0.1284,amc,1,,3233839500.0,NU,2025
2025-05-13,,,,1,,,AGRI,2025
2025-05-13,,-0.4872,bmo,2,,0.0,PRLD,2025
2025-05-13,,-0.4777,bmo,1,,0.0,PRLD,2025
2025-05-13,,,,1,,,AEI,2025
2025-05-13,,,,1,,,MDIA,2025
2025-05-13,,,,1,,,OGEN,2025
2025-05-13,,,,1,,,POLA,2025
2025-05-13,,-0.4835,,1,,23600148.0,SHIP,2025
2025-05-13,,-0.0255,bmo,1,,34614720.0,BWEN,2025
2025-05-13,,-0.408,,1,,0.0,ZVSA,2025
2025-05-13,,-0.0034,bmo,4,,105870175.0,AIOT,2025
2025-05-13,,,,1,,,RILY,2025
2025-05-13,,-0.1632,bmo,1,,32997000.0,HSON,2025
2025-05-13,,,,1,,,RSLS,2025
2025-05-13,,,,1,,,NURO,2025
2025-05-13,,-0.3208,bmo,1,,27445650.0,GAUZ,2025
2025-05-13,,,,1,,,SHWZ,2025
2025-05-13,,,,1,,,BTTC,2025
2025-05-13,,,,1,,,LCTC,2025
2025-05-13,,-0.2094,bmo,1,,19997273.0,YMAB,2025
2025-05-13,,,,1,,,MHLD,2025
2025-05-13,,-0.1262,,1,,63361995.0,TTCFQ,2025
2025-05-13,,,,3,,,INTV,2025
2025-05-13,,,,1,,,OCLN,2025
2025-05-13,,-0.7272,,1,,1622060.0,IVF,2025
2025-05-13,,,,1,,,TTNP,2025
2025-05-13,,,,1,,,DHCC,2025
2025-05-13,,-0.2142,amc,1,,84697740.0,FTHM,2025
2025-05-13,,-0.1964,bmo,1,,4061385.0,NNOX,2025
2025-05-13,,0.4185,bmo,1,,412649160.0,PSFE,2025
2025-05-13,,,,1,,,CNSP,2025
2025-05-13,,-6.63,,1,,0.0,TRVN,2025
2025-05-13,,,,3,,,SGLY,2025
2025-05-13,,1.3381,bmo,1,,7342729037.0,TME,2025
2025-05-13,,-0.969,bmo,1,,57885.0,CLNN,2025
2025-05-13,,-0.1811,bmo,1,,0.0,ATAI,2025
2025-05-13,,,,1,,,CATV,2025
2025-05-13,,,,1,,,HUSA,2025
2025-05-13,,-0.1836,amc,1,,0.0,DMAC,2025
2025-05-13,,-0.2389,bmo,1,,128017.0,OCX,2025
2025-05-13,,,,1,,,TPHS,2025
2025-05-13,,-1.1322,bmo,1,,73236000.0,KPLT,2025
2025-05-13,,,,1,,,PAYD,2025
2025-05-13,,,,1,,,KANT,2025
2025-05-13,,,,1,,,SPRU,2025
2025-05-13,,-0.0818,bmo,4,,1175531293.0,UAA,2025
2025-05-13,,,,1,,,AAMCF,2025
2025-05-13,,,,1,,,DQWS,2025
2025-05-13,,-0.0995,amc,1,,1440750.0,LXRX,2025
2025-05-13,,-0.1887,,1,,153000.0,CYTH,2025
2025-05-13,,,,2,,,BANT,2025
2025-05-13,,-0.0768,,1,,102646300.0,LIF,2025
2025-05-13,,-0.1734,amc,1,,9180000.0,IZEA,2025
2025-05-13,,-0.5661,,1,,0.0,MBRX,2025
2025-05-13,,-0.1938,bmo,2,,,EPIX,2025
2025-05-13,,-0.3111,,1,,58438860.0,FLNT,2025
2025-05-13,,,,3,,,ALDS,2025
2025-05-13,,0.1151,bmo,1,,634113350.0,IGT,2025
2025-05-13,,,,2,,,CVM,2025
2025-05-13,,-0.0255,amc,1,,1903656.0,LCTX,2025
2025-05-13,,,,1,,,GPFT,2025
2025-05-13,,,,1,,,CFOO,2025
2025-05-13,,,,1,,,TNFA,2025
2025-05-13,,-0.102,amc,4,,30090.0,LOOP,2025
2025-05-13,,,,1,,,TGLO,2025
2025-05-13,,,,1,,,PXHI,2025
2025-05-13,,,,1,,,LTUM,2025
2025-05-13,,-0.3672,amc,2,,22644000.0,ALCO,2025
2025-05-13,,-0.0918,bmo,1,,88536612.0,PERI,2025
2025-05-13,,,,3,,,CVAT,2024
2025-05-13,,,,1,,,CNFN,2025
2025-05-13,,,,1,,,TCRT,2025
2025-05-13,,,,1,,,PKTX,2025
2025-05-13,,,,1,,,AYRO,2025
2025-05-13,,-0.4157,bmo,1,,0.0,INZY,2025
2025-05-13,,-0.0918,,1,,1530000.0,POAI,2025
2025-05-13,,-0.5202,,1,,0.0,OLMA,2025
2025-05-13,,-0.153,bmo,2,,0.0,AVXL,2025
2025-05-13,,-0.1632,amc,1,,8364000.0,CLPT,2025
2025-05-13,,0.0,amc,3,,13129440.0,BNET,2025
2025-05-13,,0.3945,,1,,660111003.0,CINT,2025
2025-05-13,,-0.3724,bmo,1,,0.0,ALT,2025
2025-05-13,,,,1,,,WHLT,2025
2025-05-13,,,,2,,,REGX,2025
2025-05-13,,0.3295,bmo,1,,202806477.0,FLOC,2025
2025-05-13,,,,4,,,VCIG,2024
2025-05-13,,0.1734,,1,,,OPHC,2025
2025-05-13,,-0.6528,,1,,0.0,GTBP,2025
2025-05-13,,,,1,,,PNBK,2025
2025-05-13,,0.2733,bmo,1,,2847925795.0,VG,2025
2025-05-13,,,,1,,,AURX,2025
2025-05-13,,-0.1199,bmo,1,,1305600.0,ACRS,2025
2025-05-13,,,,1,,,CMCT,2025
2025-05-13,,,,1,,,QPRC,2025
2025-05-13,,-3.0906,,1,,3897420.0,EDBL,2025
2025-05-13,,-1.2355,,1,,0.0,PVLA,2025
2025-05-13,,,,1,,,XWEL,2025
2025-05-13,,,,1,,,BCTF,2025
2025-05-13,,,,1,,,SNAX,2025
2025-05-13,,,,1,,,KWIK,2025
2025-05-13,,-0.8333,amc,1,,123595922.0,AKA,2025
2025-05-13,,-1.0914,,1,,0.0,NERV,2025
2025-05-13,,-0.5968,bmo,1,,0.0,COGT,2025
2025-05-13,,-0.153,amc,1,,0.0,BEAT,2025
2025-05-13,,-0.0934,amc,1,,16059000.0,AIP,2025
2025-05-13,,-9.792,amc,1,,408000.0,EYEN,2025
2025-05-13,,,,1,,,GLTK,2025
2025-05-13,,,,1,,,VHC,2025
2025-05-13,,,,1,,,MOBQ,2025
2025-05-13,,-0.5467,bmo,1,,0.0,ABOS,2025
2025-05-13,,-0.391,amc,1,,232741896.0,SLND,2025
2025-05-13,,-0.1093,amc,1,,27451402.0,SSTI,2025
2025-05-13,,-0.6681,amc,1,,2379996.0,RPTX,2025
2025-05-13,,-0.1326,amc,1,,25919220.0,SONM,2025
2025-05-13,,-0.0306,amc,1,,10043940.0,REED,2025
2025-05-13,,-0.905,amc,1,,1919000.0,RNA,2025
2025-05-13,,-0.0918,bmo,1,,181038331.0,SLAB,2025
2025-05-13,,0.3605,amc,1,,25750000.0,ARTNA,2025
2025-05-13,,-0.1046,amc,1,,19880820.0,GEVO,2025
2025-05-13,,-0.102,,1,,25296000.0,GIFT,2025
2025-05-13,,0.0544,amc,1,,15433620.0,ETON,2025
2025-05-13,,,,1,,,RPMT,2025
2025-05-13,,-0.0782,amc,1,,4113996.0,QUIK,2025
2025-05-13,,-0.2346,bmo,1,,197066274.0,LEGN,2025
2025-05-13,,,,1,,,FBAK,2025
2025-05-13,,,,3,,,GFLT,2025
2025-05-13,,,,1,,,QURT,2025
2025-05-13,,-2.9088,amc,1,,31411000.0,ULY,2025
2025-05-13,,,,1,,,NVFY,2025
2025-05-13,,,,3,,,RENB,2025
2025-05-13,,,,4,,,LBSR,2025
2025-05-13,,-0.4023,amc,1,,573750.0,JANX,2025
2025-05-13,,-0.1107,amc,1,,0.0,OKLO,2025
2025-05-13,,,,1,,,AKTX,2025
2025-05-13,,,,1,,,MHTX,2025
2025-05-13,,0.2184,bmo,1,,693634792.0,ONON,2025
2025-05-13,,-0.0918,bmo,1,,65764500.0,LUNR,2025
2025-05-13,,-2.5296,,1,,2040000.0,SYTA,2025
2025-05-13,,-0.024,,1,,67327670.0,TH,2025
2025-05-13,,,,1,,,CVU,2025
2025-05-13,,1.0016,bmo,1,,1155825617.0,LSTR,2025
2025-05-13,,,,1,,,GEDC,2025
2025-05-13,,,,1,,,VYCO,2025
2025-05-13,,-0.204,,1,,7717320.0,VISL,2025
2025-05-13,,-0.2278,,1,,0.0,SNSE,2025
2025-05-13,,0.1938,,1,,49470000.0,LWAY,2025
2025-05-13,,,,1,,,CEOS,2025
2025-05-13,,-0.6834,amc,1,,23149777.0,SPIR,2025
2025-05-13,,-1.0922,amc,1,,7973340.0,MRUS,2025
2025-05-13,,-0.0408,amc,1,,36025380.0,VLDX,2025
2025-05-13,,-0.153,amc,1,,10200000.0,DLPN,2025
2025-05-13,,-0.0808,bmo,1,,5831740.0,IPM,2025
2025-05-13,,,,1,,,PBLA,2025
2025-05-13,,-0.2372,amc,1,,12422580.0,SURG,2025
2025-05-13,,,,1,,,MCVT,2025
2025-05-13,,,,4,,,SNRG,2024
2025-05-13,,,,1,,,GOGY,2025
2025-05-13,,-0.0102,bmo,1,,1402511220.0,HUYA,2025
2025-05-13,,-0.1549,amc,1,,1280346.0,CUE,2025
2025-05-13,,-0.1017,amc,1,,9741000.0,VXRT,2025
2025-05-13,,-0.1199,amc,1,,2871300.0,HYPR,2025
2025-05-13,,,,2,,,VPLM,2025
2025-05-13,,,,1,,,EFSH,2025
2025-05-13,,,,3,,,NXEN,2025
2025-05-13,,,,1,,,CIPI,2025
2025-05-13,,0.2387,amc,4,,25883724.0,GAIN,2025
2025-05-13,,,,1,,,ENSV,2025
2025-05-13,,-0.408,bmo,1,,,ENVB,2025
2025-05-13,,-1.1201,amc,1,,10268336.0,XOS,2025
2025-05-13,,-0.8874,bmo,1,,4794000.0,XXII,2025
2025-05-13,,,,1,,,WDDD,2025
2025-05-13,,0.1326,bmo,1,,6033300.0,ACCS,2025
2025-05-13,,,,1,,,EVTV,2025
2025-05-13,,,,1,,,SOBR,2025
2025-05-13,,-0.4182,amc,1,,,GNPX,2025
2025-05-13,,,,2,,,DJCO,2025
2025-05-13,,,,1,,,LQMT,2025
2025-05-13,,,,1,,,VASO,2025
2025-05-13,,,,1,,,BYSD,2025
2025-05-13,,0.5535,amc,1,,85792763.0,DDI,2025
2025-05-13,,,,1,,,ICCT,2025
2025-05-13,,0.0306,,1,,15725850.0,FLGC,2025
2025-05-13,,-8.619,amc,1,,1855380.0,OMIC,2025
2025-05-13,,0.3691,amc,1,,508139040.0,EXEL,2025
2025-05-13,,-0.153,bmo,1,,0.0,ACXP,2025
2025-05-13,,-0.1224,,1,,3799500.0,BNZI,2025
2025-05-13,,-0.1887,amc,1,,4148778.0,GOSS,2025
2025-05-13,,-0.7752,bmo,1,,2316930.0,NUWE,2025
2025-05-13,,,,1,,,VCNX,2025
2025-05-13,,-0.5049,amc,1,,11852910.0,FBIO,2025
2025-05-13,,-0.6161,,1,,202000.0,AQB,2025
2025-05-13,,,,1,,,RLBY,2025
2025-05-13,,,,1,,,SSII,2025
2025-05-13,,,,1,,,RNGE,2025
2025-05-13,,0.1734,bmo,1,,114798960.0,LOAR,2025
2025-05-13,,0.204,amc,3,,16065000.0,ELMD,2025
2025-05-13,,,,1,,,UAVS,2025
2025-05-13,,,,1,,,APCX,2025
2025-05-13,,,,1,,,BUDZ,2025
2025-05-13,,-0.7256,,1,,2518782900.0,DADA,2025
2025-05-13,,-0.1224,,1,,4011660.0,VSEE,2025
2025-05-13,,-0.2342,amc,1,,0.0,SANA,2025
2025-05-13,,0.786,bmo,1,,121390200.0,CAMT,2025
2025-05-13,,-0.102,amc,1,,11259780.0,TACT,2025
2025-05-13,,-0.5372,amc,1,,0.0,IMRX,2025
2025-05-13,,,,1,,,WHLM,2025
2025-05-13,,,,1,,,MITI,2025
2025-05-13,,-0.3706,amc,1,,3315000.0,SEER,2025
2025-05-13,,-0.1275,amc,1,,149066880.0,PRTS,2025
2025-05-13,,0.0404,amc,1,,72720000.0,SND,2025
2025-05-13,,-1.2306,bmo,1,,15164064.0,BEAM,2025
2025-05-13,,-0.2193,amc,1,,10761000.0,BFRI,2025
2025-05-13,,-0.0918,bmo,2,,2448000.0,NMTC,2025
2025-05-13,,-0.1061,,1,,0.0,IKT,2025
2025-05-13,,,amc,1,,,CVV,2025
2025-05-13,,,,1,,,KTEL,2025
2025-05-13,,-0.3706,bmo,1,,0.0,ACHV,2025
2025-05-13,,-0.0306,,1,,2679283980000.0,LGMK,2025
2025-05-13,,,,1,,,BSFC,2025
2025-05-13,,-0.1836,,1,,0.0,LYEL,2025
2025-05-13,,-0.6551,bmo,1,,0.0,ACRV,2025
2025-05-13,,,,1,,,PIKM,2025
2025-05-13,,,,2,,,XSNX,2025
2025-05-13,,0.6732,amc,1,,13260000.0,MPTI,2025
2025-05-13,,-6.0976,amc,1,,309000.0,YTENQ,2025
2025-05-13,,,,1,,,BRST,2025
2025-05-13,,,,1,,,PLAG,2025
2025-05-13,,-0.1955,amc,1,,17297302.0,ZVRA,2025
2025-05-13,,-0.2282,amc,3,,0.0,RZLT,2025
2025-05-13,,,,1,,,SMLR,2025
2025-05-13,,-0.323,amc,1,,1825800.0,CAPR,2025
2025-05-13,,,,1,,,RSRV,2025
2025-05-13,,-0.4862,amc,1,,0.0,GUTS,2025
2025-05-13,,,bmo,1,,,SOHO,2025
2025-05-13,,,,1,,,FCUV,2025
2025-05-13,,-0.1326,amc,1,,5355000.0,MDAI,2025
2025-05-13,,-0.2917,bmo,1,,1127100.0,TCRX,2025
2025-05-13,,,amc,1,,,AUID,2025
2025-05-13,,,,1,,,DMSLQ,2025
2025-05-13,,,,1,,,MMND,2025
2025-05-13,,-0.5003,,1,,510000.0,MRKR,2025
2025-05-13,,,,1,,,QSEP,2025
2025-05-13,,,,1,,,EVFM,2025
2025-05-13,,-0.578,,1,,408000.0,OMER,2025
2025-05-13,,-0.1292,amc,2,,8193996.0,GNSS,2025
2025-05-13,,,,1,,,LSMG,2025
2025-05-13,,-0.2652,bmo,1,,0.0,RLYB,2025
2025-05-13,,0.1674,amc,1,,687752763.0,KLC,2025
2025-05-13,,-0.0089,amc,1,,67615167.0,SMWB,2025
2025-05-13,,,,1,,,CLOQ,2025
2025-05-13,,-0.0395,amc,1,,69473903.0,WALD,2025
2025-05-13,,-0.2346,amc,1,,1341300.0,ABSI,2025
2025-05-13,,,,1,,,NIXX,2025
2025-05-13,,,,1,,,IPDN,2025
2025-05-13,,-0.2612,bmo,1,,0.0,EVTL,2025
2025-05-13,,,,1,,,RLBD,2025
2025-05-13,,-0.3896,,1,,0.0,SOC,2025
2025-05-13,,,,1,,,GCEH,2025
2025-05-13,,-0.0204,,1,,12158400.0,MCHX,2025
2025-05-13,,,,1,,,MFON,2025
2025-05-13,,,,1,,,BURU,2025
2025-05-13,,-0.7975,amc,1,,6290003.0,MGNX,2025
2025-05-13,,0.0354,amc,3,,22590336.0,EPM,2025
2025-05-13,,0.1543,amc,1,,54515603.0,TWFG,2025
2025-05-13,,,,1,,,LADX,2025
2025-05-13,,,,2,,,IBAC,2025
2025-05-13,,-0.2999,bmo,1,,224556396.0,GOCO,2025
2025-05-13,,,bmo,1,,,UONEK,2025
2025-05-13,,,,1,,,MTR,2025
2025-05-13,,,,1,,,PTIX,2025
2025-05-13,,,,4,,,KCRD,2024
2025-05-13,,-0.1326,,1,,0.0,MBOT,2025
2025-05-13,,,,1,,,BICX,2025
2025-05-13,,-1.071,,1,,202072200.0,SDOT,2025
2025-05-13,,1.401,bmo,1,,2612788752.0,EXPD,2025
2025-05-13,,0.4353,amc,1,,683114510.0,ECG,2025
2025-05-13,,-0.6747,,1,,1887000.0,IDYA,2025
2025-05-13,,0.8019,bmo,1,,311331703.0,CYBR,2025
2025-05-13,,-0.204,amc,1,,2244000.0,WINT,2025
2025-05-13,,,,1,,,FACO,2025
2025-05-13,,-0.1513,amc,1,,338578626.0,WBTN,2025
2025-05-13,,,,1,,,NAOV,2025
2025-05-13,,,,3,,,FKWL,2025
2025-05-13,,,,3,,,GLNS,2025
2025-05-13,,1.5134,amc,1,,354183341.0,ATLC,2025
2025-05-13,,,,1,,,XELA,2025
2025-05-13,,-0.3046,,1,,7206300.0,XOMA,2025
2025-05-13,,0.0306,,1,,43860000.0,SGRP,2025
2025-05-13,,,,1,,,JWSMF,2025
2025-05-13,,,,1,,,BLUAF,2025
2025-05-13,,-0.0551,amc,1,,25392900.0,BTBT,2025
2025-05-13,,,,1,,,RHE,2025
2025-05-13,,-0.3672,amc,1,,3162000.0,AVGR,2025
2025-05-13,,-0.1394,amc,1,,244800.0,LYRA,2025
2025-05-13,,-0.0694,amc,1,,19855320.0,BDSX,2025
2025-05-13,,-0.3315,bmo,1,,12138000.0,MASS,2025
2025-05-13,,,,1,,,CSTAF,2025
2025-05-13,,0.6472,bmo,1,,5037995740.0,SE,2025
2025-05-13,,,,1,,,MBIO,2025
2025-05-13,,-0.0612,amc,1,,2862120.0,BRFH,2025
2025-05-13,,,,1,,,CANN,2025
2025-05-13,,,,1,,,OCAX,2025
2025-05-13,,,,1,,,PRFX,2025
2025-05-13,,-0.1496,amc,1,,1512996.0,PSTV,2025
2025-05-13,,-0.2463,amc,1,,22283797.0,NPCE,2025
2025-05-13,,-0.0269,amc,1,,4831335.0,IDN,2025
2025-05-13,,-0.0995,,1,,2561628.0,VRCA,2025
2025-05-13,,,,1,,,CZBS,2025
2025-05-13,,,bmo,1,,,AP,2025
2025-05-13,,-8.2008,,1,,61200.0,TRAW,2025
2025-05-13,,,,1,,,NSTM,2025
2025-05-13,,-0.102,amc,1,,12444000.0,IRIX,2025
2025-05-13,,,,1,,,ATNF,2025
2025-05-13,,-0.153,bmo,1,,,ITRM,2025
2025-05-13,,,,1,,,BIORQ,2025
2025-05-13,,0.0408,amc,3,,34187340.0,ABAT,2025
2025-05-13,,-0.0101,amc,1,,38913280.0,DTI,2025
2025-05-12,,-0.7701,,1,,739500.0,SINT,2025
2025-05-12,,0.38,amc,1,,38164320.0,EXOD,2025
2025-05-12,,-0.2652,amc,1,,0.0,HOTH,2025
2025-05-12,,,,1,,,NVVE,2025
2025-05-12,,0.0101,,1,,7646710.0,TRC,2025
2025-05-12,,-0.51,,1,,0.0,SLRN,2025
2025-05-12,,-0.204,amc,1,,1224000.0,TVRD,2025
2025-05-12,,-0.2448,bmo,1,,739500000.0,NRXS,2025
2025-05-12,,-0.357,bmo,1,,0.0,IMNN,2025
2025-05-12,,,,1,,,CRT,2025
2025-05-12,,0.0306,amc,1,,240731730.0,GETY,2025
2025-05-12,,-0.4182,amc,1,,0.0,AVIR,2025
2025-05-12,,-0.7454,,1,,0.0,INO,2025
2025-05-12,,0.1326,amc,1,,309753600.0,HFFG,2025
2025-05-12,,,,4,,,SOS,2024
2025-05-12,,,,1,,,WMK,2025
2025-05-12,,-0.1972,,1,,0.0,TENX,2025
2025-05-12,,0.2499,,1,,16087440.0,FTLF,2025
2025-05-12,,-0.1251,amc,1,,127140450.0,GPRO,2025
2025-05-12,,-0.2652,amc,1,,2244000.0,ACHR,2025
2025-05-12,,,,1,,,ISCO,2025
2025-05-12,,,,1,,,STLY,2025
2025-05-12,,0.2525,amc,1,,40925200.0,NGS,2025
2025-05-12,,,,1,,,ATPC,2025
2025-05-12,,,,1,,,CLPR,2025
2025-05-12,,0.3409,bmo,1,,20631775.0,WHF,2025
2025-05-12,,-0.68,,1,,1292003.0,GOVX,2025
2025-05-12,,-0.7548,bmo,1,,18054000.0,OPTN,2025
2025-05-12,,,,1,,,BLMH,2025
2025-05-12,,,amc,1,,,BETR,2025
2025-05-12,,-0.0995,,1,,20655000.0,SKYX,2025
2025-05-12,,-0.2234,bmo,1,,136752930.0,METC,2025
2025-05-12,,,,2,,,CETX,2025
2025-05-12,,0.3315,,2,,2720850.0,CTXR,2025
2025-05-12,,0.1122,amc,3,,5376420.0,ICMB,2025
2025-05-12,,-18.36,bmo,1,,2877420.0,JAGX,2025
2025-05-12,,0.0311,amc,1,,130476345.0,IAS,2025
2025-05-12,,-5.967,amc,1,,0.0,SLRX,2025
2025-05-12,,-0.93,amc,1,,1129282.0,XENE,2025
2025-05-12,,-0.051,amc,1,,73482503.0,QRHC,2025
2025-05-12,,0.4924,amc,1,,104008125.0,RGNX,2025
2025-05-12,,,,1,,,CYBL,2025
2025-05-12,,-2.5296,amc,1,,0.0,RBOT,2025
2025-05-12,,,,1,,,SFRX,2025
2025-05-12,,-0.0765,amc,1,,9326880.0,BEEP,2025
2025-05-12,,,,3,,,INM,2025
2025-05-12,,,,1,,,PMVCD,2025
2025-05-12,,,,1,,,GTHP,2025
2025-05-12,,-0.7395,,1,,0.0,CRGX,2025
2025-05-12,,,,1,,,ENTO,2025
2025-05-12,,0.3956,bmo,2,,910482882.0,SBH,2025
2025-05-12,,-1.0693,,1,,0.0,PCVX,2025
2025-05-12,,-0.1411,amc,1,,28154886.0,BLNK,2025
2025-05-12,,-0.5899,amc,1,,775200.0,EDIT,2025
2025-05-12,,0.1938,,1,,52122000.0,CMCL,2025
2025-05-12,,,,1,,,GULTU,2025
2025-05-12,,,,1,,,CHEV,2025
2025-05-12,,-2.5398,amc,1,,0.0,APTO,2025
2025-05-12,,,,1,,,PFHO,2025
2025-05-12,,0.4325,amc,1,,59601150.0,KBDC,2025
2025-05-12,,-0.5304,,1,,104040.0,ZIVO,2025
2025-05-12,,,,1,,,VYND,2025
2025-05-12,,-0.8078,amc,1,,20587680.0,BKKT,2025
2025-05-12,,-0.3876,bmo,1,,0.0,SYRS,2025
2025-05-12,,-0.1964,,1,,4284000.0,ASTS,2025
2025-05-12,,-0.051,bmo,1,,17809200.0,RMTI,2025
2025-05-12,,-0.2142,bmo,1,,0.0,IKNA,2025
2025-05-12,,-0.8976,amc,1,,705840.0,WATT,2025
2025-05-12,,-0.1734,bmo,3,,0.0,BIVI,2025
2025-05-12,,-0.0612,amc,1,,1088241396.0,MODG,2025
2025-05-12,,,,1,,,GRTX,2025
2025-05-12,,-0.0652,amc,1,,591654717.0,NFE,2025
2025-05-12,,-0.3264,,3,,102000.0,IBIO,2025
2025-05-12,,-0.5049,amc,1,,0.0,ADIL,2025
2025-05-12,,,,2,,,BDL,2025
2025-05-12,,-0.5213,,1,,0.0,ORIC,2025
2025-05-12,,-1.4144,,1,,0.0,AVTX,2025
2025-05-12,,-0.1224,amc,1,,1362720.0,VUZI,2025
2025-05-12,,0.002,bmo,1,,116899476.0,CHGG,2025
2025-05-12,,-0.969,,1,,0.0,FBRX,2025
2025-05-12,,-0.1632,amc,1,,3881436.0,PRSO,2025
2025-05-12,,-0.714,,1,,0.0,PALI,2025
2025-05-12,,-0.0729,amc,1,,44888792.0,MRVI,2025
2025-05-12,,,,1,,,DSS,2025
2025-05-12,,0.3763,amc,1,,34254915.0,RWAY,2025
2025-05-12,,,,1,,,NUMD,2025
2025-05-12,,,,1,,,XNET,2025
2025-05-12,,0.3302,amc,1,,276479455.0,TASK,2025
2025-05-12,,,,2,,,ACAN,2025
2025-05-12,,-0.0612,amc,1,,28069992.0,ASRT,2025
2025-05-12,,-0.0663,amc,1,,2295000.0,MVIS,2025
2025-05-12,,0.1173,amc,1,,82379667.0,MLNK,2025
2025-05-12,,,,1,,,CRTG,2025
2025-05-12,,0.0459,,1,,30702000.0,LUXH,2025
2025-05-12,,-1.1587,amc,2,,16271040.0,ENTA,2025
2025-05-12,,,,3,,,NNVC,2025
2025-05-12,,,,3,,,GTLL,2025
2025-05-12,,-0.1836,bmo,1,,4590000.0,LIQT,2025
2025-05-12,,-1.7442,amc,1,,54621000.0,HYFM,2025
2025-05-12,,0.2193,amc,1,,32946000.0,CWCO,2025
2025-05-12,,-0.5252,,1,,151500.0,ICU,2025
2025-05-12,,,,1,,,AASP,2025
2025-05-12,,-0.476,amc,1,,7650000.0,PSTX,2025
2025-05-12,,0.3486,amc,1,,210313269.0,RPD,2025
2025-05-12,,-6.63,amc,1,,1020000.0,HYZN,2025
2025-05-12,,,,1,,,AHNR,2025
2025-05-12,,-0.2958,,1,,25500.0,CYCC,2025
2025-05-12,,,,1,,,CKX,2025
2025-05-12,,,,2,,,PRKA,2025
2025-05-12,,,,3,,,SISI,2025
2025-05-12,,0.0909,amc,1,,25570170.0,LFT,2025
2025-05-12,,,,1,,,PGOL,2025
2025-05-12,,-0.4386,amc,1,,0.0,TFFP,2025
2025-05-12,,-0.0058,,1,,14794773.0,MREO,2025
2025-05-12,,,,1,,,THMG,2025
2025-05-12,,-0.1989,amc,1,,5779932.0,SKYH,2025
2025-05-12,,,,1,,,EESE,2025
2025-05-12,,-0.0808,bmo,1,,222209595.0,MAC,2025
2025-05-12,,,,3,,,DFCO,2025
2025-05-12,,,bmo,1,,,LTBR,2025
2025-05-12,,0.1944,amc,1,,105247975.0,CMPO,2025
2025-05-12,,-0.5353,bmo,1,,310819925.0,SUP,2025
2025-05-12,,-0.0714,amc,1,,,AMBC,2025
2025-05-12,,-0.9384,,2,,0.0,SONN,2025
2025-05-12,,,,1,,,HRGN,2025
2025-05-12,,1.5158,bmo,1,,1510638486.0,SWX,2025
2025-05-12,,-0.9826,,1,,3796103.0,WKSP,2025
2025-05-12,,,,2,,,CRDE,2025
2025-05-12,,,,1,,,NRDE,2025
2025-05-12,,-0.153,,1,,0.0,SYBX,2025
2025-05-12,,-0.1163,amc,1,,,NPWR,2025
2025-05-12,,,,1,,,GGROU,2025
2025-05-12,,,,1,,,CREG,2025
2025-05-12,,,,1,,,CRVW,2025
2025-05-12,,,,1,,,KBLB,2025
2025-05-12,,0.0238,bmo,3,,414630000.0,SLQT,2025
2025-05-12,,,,1,,,KTTA,2025
2025-05-12,,1.41,amc,1,,1372062153.0,SPG,2025
2025-05-12,,,,1,,,KANP,2025
2025-05-12,,,,1,,,RLEA,2025
2025-05-12,,-1.632,,3,,18456900.0,UPXI,2025
2025-05-12,,0.2262,amc,1,,77238367.0,RPAY,2025
2025-05-12,,-0.1224,,3,,0.0,HURA,2025
2025-05-12,,,,1,,,ERNA,2025
2025-05-12,,,,1,,,PMDI,2025
2025-05-12,,-0.0168,amc,1,,77044062.0,VFF,2025
2025-05-12,,0.5508,bmo,4,,228937980.0,OXLC,2025
2025-05-12,,-0.119,amc,1,,133110000.0,PANL,2025
2025-05-12,,-0.9843,amc,1,,2022466864.0,HTZ,2025
2025-05-12,,,,1,,,ECTM,2025
2025-05-12,,-0.2958,,1,,15850800.0,RVYL,2025
2025-05-12,,,,1,,,INVU,2026
2025-05-12,,0.0529,bmo,1,,792633289.0,SGRY,2025
2025-05-12,,-0.0408,bmo,1,,19584000.0,HBIO,2025
2025-05-12,,-0.969,bmo,1,,,SNDA,2025
2025-05-12,,0.8517,bmo,1,,97297800.0,PROP,2025
2025-05-12,,,,1,,,OZSC,2025
2025-05-12,,-4.1208,,1,,0.0,GRI,2025
2025-05-12,,,,1,,,CTRM,2025
2025-05-12,,-0.202,amc,2,,30504375.0,ARWR,2025
2025-05-12,,,,3,,,PRSI,2025
2025-05-12,,-1.2648,,1,,3468000.0,OTRK,2025
2025-05-12,,-0.6222,,1,,6222000.0,CASI,2025
2025-05-12,,,,1,,,MMATQ,2025
2025-05-12,,,,1,,,IPSI,2025
2025-05-12,,-0.408,,1,,3739830.0,VVOS,2025
2025-05-12,,,,1,,,BMTM,2025
2025-05-12,,0.1632,amc,1,,75343830.0,AMPY,2025
2025-05-12,,1.5074,bmo,1,,7904640770.0,NRG,2025
2025-05-12,,,,1,,,CPMV,2025
2025-05-12,,-0.412,amc,1,,46504500.0,GOEVQ,2025
2025-05-12,,,,1,,,SVII,2025
2025-05-12,,-0.4069,amc,1,,4980050.0,DMTKQ,2025
2025-05-12,,-0.0816,amc,1,,56592150.0,INDI,2025
2025-05-12,,,,1,,,LASE,2025
2025-05-12,,0.102,bmo,1,,62766312.0,AUPH,2025
2025-05-12,,-0.7388,amc,1,,0.0,PLRX,2025
2025-05-12,,-0.0102,amc,1,,108121356.0,MVST,2025
2025-05-12,,-0.1224,amc,1,,19060015.0,OPRX,2025
2025-05-12,,-1.1322,amc,1,,1222643.0,TNON,2025
2025-05-12,,,,1,,,LIFD,2025
2025-05-12,,,amc,4,,,VOXX,2025
2025-05-12,,,,1,,,SVVC,2025
2025-05-12,,-0.0612,amc,1,,,AIRJ,2025
2025-05-12,,0.719,bmo,1,,281292499.0,MNDY,2025
2025-05-12,,,,1,,,PVCT,2025
2025-05-12,,,,1,,,NCRA,2025
2025-05-12,,-0.816,bmo,1,,23260080.0,URGN,2025
2025-05-12,,,,1,,,SILO,2025
2025-05-12,,,,1,,,AACG,2025
2025-05-12,,0.0204,amc,1,,,FGEN,2025
2025-05-12,,-0.2448,amc,1,,0.0,JBIO,2025
2025-05-12,,,,1,,,AGLY,2025
2025-05-12,,,,1,,,FECOF,2025
2025-05-12,,-0.2856,amc,1,,0.0,DSGN,2025
2025-05-12,,,,1,,,TGEN,2025
2025-05-12,,,,3,,,TGL,2025
2025-05-12,,-0.2321,,1,,0.0,QNCX,2025
2025-05-12,,,,1,,,CBNT,2025
2025-05-12,,-0.2652,amc,1,,1315800.0,MOTS,2025
2025-05-12,,-0.2266,amc,1,,45835000.0,MX,2025
2025-05-12,,-0.0102,amc,4,,63036000.0,ADSE,2024
2025-05-12,,-0.1132,bmo,1,,0.0,CMPX,2025
2025-05-12,,,,1,,,AUMN,2025
2025-05-12,,,,1,,,AIMD,2025
2025-05-12,,,,1,,,UTGN,2025
2025-05-12,,,,1,,,RIBT,2025
2025-05-12,,,,1,,,MDXL,2025
2025-05-12,,0.3263,amc,2,,64152390.0,PFLT,2025
2025-05-12,,0.3978,bmo,1,,2090576700.0,DOLE,2025
2025-05-12,,0.5865,amc,1,,43992600.0,LEGH,2025
2025-05-12,,-3.2946,amc,1,,2601000.0,TNXP,2025
2025-05-12,,-0.0404,,1,,18382000.0,UCL,2025
2025-05-12,,,,1,,,NEWH,2025
2025-05-12,,-0.8704,bmo,1,,38110000.0,BATRA,2025
2025-05-12,,,,2,,,KNIT,2025
2025-05-12,,-0.0714,amc,1,,5564100.0,VTSI,2025
2025-05-12,,0.6234,,1,,80092282.0,INR,2025
2025-05-12,,-0.1499,bmo,1,,550575600.0,CTRI,2025
2025-05-12,,,,1,,,GLXZ,2025
2025-05-12,,-0.0867,amc,1,,26953755.0,NOTE,2025
2025-05-12,,0.0102,amc,1,,18976080.0,CNFR,2025
2025-05-12,,,,1,,,CEAD,2025
2025-05-12,,1.1851,amc,1,,1225119900.0,BCO,2025
2025-05-12,,-2.2746,,1,,3825000.0,HOFV,2025
2025-05-12,,,,1,,,KITT,2025
2025-05-12,,2.1513,amc,1,,545745247.0,VTLE,2025
2025-05-12,,,,1,,,RDGA,2025
2025-05-12,,0.1658,amc,1,,79152000.0,BRDG,2025
2025-05-12,,,,1,,,TAPM,2025
2025-05-12,,,amc,1,,,OXBR,2025
2025-05-12,,-0.2189,amc,1,,408000.0,SPRB,2025
2025-05-12,,-0.3548,bmo,3,,0.0,BNTC,2025
2025-05-12,,-0.4896,amc,1,,0.0,BBLG,2025
2025-05-12,,-1.3577,amc,1,,28433520.0,ARCT,2025
2025-05-12,,-0.1142,bmo,1,,50422680.0,BLDE,2025
2025-05-12,,-0.0858,amc,3,,10450380.0,AKTSQ,2025
2025-05-12,,0.0456,bmo,1,,312544320.0,SRAD,2025
2025-05-12,,1.9671,amc,1,,3238961425.0,DVA,2025
2025-05-12,,0.3638,amc,1,,785269072.0,ACHC,2025
2025-05-12,,,,1,,,GRNQ,2025
2025-05-12,,-0.2626,,1,,2222000.0,ANY,2025
2025-05-12,,0.1265,bmo,1,,31455372.0,CTMX,2025
2025-05-12,,-0.5144,bmo,1,,142344825.0,CNTY,2025
2025-05-12,,-0.0204,amc,1,,6772800.0,FTEK,2025
2025-05-12,,0.1836,amc,1,,1367263080.0,SARO,2025
2025-05-12,,-0.1137,bmo,1,,4574700.0,CDZI,2025
2025-05-12,,,,1,,,EFOI,2025
2025-05-12,,-0.1224,,1,,0.0,VINC,2025
2025-05-12,,0.1505,amc,1,,164967660.0,APEI,2025
2025-05-12,,0.8101,bmo,1,,715938000.0,WTRG,2025
2025-05-12,,0.1954,amc,2,,33803646.0,PNNT,2025
2025-05-12,,,,1,,,PIAC,2025
2025-05-12,,-0.0357,,1,,36488970.0,FPAY,2025
2025-05-12,,,,1,,,FAVO,2025
2025-05-12,,-0.1414,bmo,1,,84698771.0,RDW,2025
2025-05-12,,-0.0102,amc,1,,31824000.0,XTNT,2025
2025-05-12,,-1.2756,bmo,1,,6627817.0,CRSP,2025
2025-05-12,,-0.3876,bmo,1,,0.0,LPTX,2025
2025-05-12,,,,1,,,RSCF,2025
2025-05-12,,-0.0485,amc,1,,2601510.0,RGTI,2025
2025-05-12,,-0.8823,bmo,1,,0.0,APRE,2025
2025-05-12,,1.275,amc,1,,103122000.0,BSEM,2025
2025-05-12,,,,3,,,MARPS,2025
2025-05-12,,-0.1448,bmo,1,,0.0,EVEX,2025
2025-05-12,,,,3,,,XERI,2025
2025-05-12,,-0.9894,,1,,0.0,BCLI,2025
2025-05-12,,-0.074,amc,1,,7012500.0,STXS,2025
2025-05-12,,,,2,,,SNTW,2025
2025-05-12,,-0.0707,bmo,1,,19493000.0,PET,2025
2025-05-12,,,,1,,,YTFD,2025
2025-05-12,,-0.102,,1,,1326000.0,ASPI,2025
2025-05-12,,,,1,,,PRT,2025
2025-05-12,,0.9214,amc,1,,221683740.0,VINP,2025
2025-05-12,,-0.0618,amc,1,,10815000.0,BIOLQ,2025
2025-05-12,,0.0606,bmo,1,,782127840.0,ADV,2025
2025-05-12,,0.5252,amc,1,,262398000.0,GCT,2025
2025-05-12,,-1.0016,amc,1,,0.0,MLYS,2025
2025-05-12,,-0.1734,amc,1,,12475110.0,AQST,2025
2025-05-12,,,,1,,,GBCS,2025
2025-05-12,,,,1,,,CULL,2025
2025-05-12,,0.6965,bmo,1,,1965849060.0,INTR,2025
2025-05-12,,0.1224,amc,1,,49878000.0,ACNT,2025
2025-05-12,,-3.0753,,1,,0.0,ENSC,2025
2025-05-12,,,,1,,,AAUAF,2025
2025-05-12,,-0.7276,bmo,1,,0.0,INKT,2025
2025-05-12,,,amc,1,,,FF,2025
2025-05-12,,-0.306,,1,,1160250.0,NRXP,2025
2025-05-12,,-0.0663,amc,1,,16799573.0,LAND,2025
2025-05-12,,-0.5284,amc,1,,803105568.0,IHRT,2025
2025-05-12,,,,1,,,AERG,2025
2025-05-12,,,,1,,,CAPC,2025
2025-05-12,,0.5171,bmo,1,,341232636.0,SDRL,2025
2025-05-12,,0.2966,amc,1,,254425736.0,HPK,2025
2025-05-12,,-0.357,bmo,1,,6827880.0,TNGX,2025
2025-05-12,,0.0816,amc,1,,54978000.0,ALTI,2025
2025-05-12,,-0.1515,amc,1,,4302600.0,SMR,2025
2025-05-12,,-0.102,,1,,0.0,TELO,2025
2025-05-12,,-0.1667,amc,1,,24090186.0,BRT,2025
2025-05-12,,,,1,,,CMRF,2025
2025-05-12,,-0.1465,amc,1,,100452075.0,DDD,2025
2025-05-12,,-0.09,amc,1,,318240000.0,LSEA,2025
2025-05-12,,,,1,,,EUSP,2025
2025-05-12,,,,1,,,DDL,2025
2025-05-12,,,,1,,,MLP,2025
2025-05-12,,-0.075,bmo,1,,620508156.0,FTRE,2025
2025-05-12,,-0.7344,,1,,0.0,PEPG,2025
2025-05-12,,,,1,,,FENG,2025
2025-05-12,,-1.1118,bmo,3,,9690000.0,SANW,2025
2025-05-12,,-0.3818,amc,1,,0.0,NMRA,2025
2025-05-12,,-0.3162,amc,1,,,CPTN,2025
2025-05-12,,-0.0434,bmo,1,,116831055.0,LINC,2025
2025-05-12,,-0.4372,,1,,7766575.0,STOK,2025
2025-05-12,,,,1,,,PVL,2025
2025-05-12,,-0.1333,amc,1,,7565003.0,SGMO,2025
2025-05-12,,-0.1326,,1,,10200.0,PAVM,2025
2025-05-12,,-0.1326,amc,1,,25542840.0,NRGV,2025
2025-05-12,,,,1,,,SQFT,2025
2025-05-12,,-0.299,amc,1,,2173110.0,GBIO,2025
2025-05-12,,,,2,,,BRLL,2025
2025-05-12,,0.9327,bmo,3,,4260283031.0,FOXA,2025
2025-05-12,,-0.1948,amc,1,,134802078.0,PLUG,2025
2025-05-12,,0.2897,amc,1,,107477400.0,POWI,2025
2025-05-12,,0.3162,amc,2,,67248600.0,RICK,2025
2025-05-12,,,amc,1,,,SEG,2025
2025-05-12,,,,2,,,MULN,2025
2025-05-12,,-1.751,bmo,1,,5100000.0,DTIL,2025
2025-05-12,,-0.0303,bmo,1,,188095663.0,SFL,2025
2025-05-12,,0.1836,amc,1,,327638280.0,GRDN,2025
2025-05-12,,,,2,,,CMPD,2025
2025-05-12,,-0.6222,,1,,714000.0,IDAI,2025
2025-05-12,,-0.0434,amc,1,,24658500.0,GAIA,2025
2025-05-12,,,,1,,,CHKR,2025
2025-05-12,,,,3,,,INTG,2025
2025-05-12,,-0.051,bmo,1,,20604000.0,ALLT,2025
2025-05-12,,-0.0918,,1,,336987600.0,AGRO,2025
2025-05-12,,-0.2295,bmo,1,,300252024.0,PRKS,2025
2025-05-12,,-0.3417,amc,1,,0.0,BRNS,2025
2025-05-12,,-1.1934,,1,,0.0,KLRS,2025
2025-05-12,,-0.1224,bmo,3,,32436000.0,ISPR,2025
2025-05-12,,,,1,,,CNBZ,2025
2025-05-12,,-0.0459,amc,4,,55080000.0,PETS,2025
2025-05-12,,-0.4114,amc,1,,107406000.0,CNNE,2025
2025-05-12,,-0.349,bmo,1,,5932320.0,FHTX,2025
2025-05-12,,-0.0202,,3,,,PZG,2025
2025-05-12,,,,1,,,BLNE,2025
2025-05-12,,,,1,,,HGTXU,2025
2025-05-12,,,,1,,,INTI,2025
2025-05-12,,-0.4454,amc,1,,28767396.0,QTRX,2025
2025-05-12,,,,1,,,PRPO,2025
2025-05-12,,,,4,,,MRZM,2024
2025-05-12,,0.1986,amc,1,,308525205.0,PRA,2025
2025-05-12,,0.0663,amc,3,,197910600.0,RLGT,2025
2025-05-12,,-3.265,bmo,1,,142800.0,PRAX,2025
2025-05-12,,-1.3388,amc,1,,0.0,JSPR,2025
2025-05-12,,1418.2934,bmo,1,,725814787500.0,KSPI,2025
2025-05-12,,-0.2193,amc,1,,55753200.0,CHRS,2025
2025-05-12,,,,1,,,CRMZ,2025
2025-05-12,,,,1,,,OTLC,2025
2025-05-12,,0.2271,amc,1,,304162584.0,ZI,2025
2025-05-12,,-0.1632,amc,1,,100674000.0,HNRG,2025
2025-05-12,,,,1,,,TG,2025
2025-05-12,,,,1,,,HGAS,2025
2025-05-12,,-0.4114,amc,1,,18062670.0,ADCT,2025
2025-05-11,,-0.1321,bmo,1,,452092764.0,RDNT,2025
2025-05-10,,,,1,,,BDVC,2025
2025-05-10,,,,1,,,ECBK,2025
2025-05-09,1.38,0.102,bmo,1,37330000.0,33199776.0,STRW,2025
2025-05-09,-0.82,-1.0256,bmo,1,1570000.0,6399204.0,QURE,2025
2025-05-09,0.52,0.8209,bmo,1,555230000.0,580755360.0,AMCX,2025
2025-05-09,0.13,0.153,bmo,1,50750000.0,48960000.0,ULBI,2025
2025-05-09,-0.01,-0.0102,bmo,1,26710000.0,24157680.0,INUV,2025
2025-05-09,,0.3196,bmo,1,,33836123.0,SAMG,2025
2025-05-09,,,amc,1,,,MSGM,2025
2025-05-09,-0.05,-0.0587,bmo,1,1480000.0,0.0,OCGN,2025
2025-05-09,,,,3,,,SRNN,2025
2025-05-09,,-0.0714,amc,1,,,ENTX,2025
2025-05-09,,-0.4692,,1,,2213400.0,GIPR,2025
2025-05-09,-0.22,-0.204,bmo,1,1530000.0,1479000.0,NSPR,2025
2025-05-09,-0.05,0.0303,bmo,1,10110000.0,21816000.0,PLX,2025
2025-05-09,,,,1,,,CRMZ,2024
2025-05-09,,-0.0816,amc,1,,,LOGC,2025
2025-05-09,,-0.3265,,1,,1069857.0,PRME,2025
2025-05-09,-0.82,-0.9352,bmo,1,22100000.0,10357845.0,KYMR,2025
2025-05-09,,-0.4906,amc,1,,577116.0,OBIO,2025
2025-05-09,-0.16,-0.0685,bmo,1,34410000.0,43994935.0,WULF,2025
2025-05-09,0.68,0.7004,bmo,1,821000000.0,832231596.0,SLVM,2025
2025-05-09,,,,1,,,TMLL,2025
2025-05-09,,,,1,,,TK,2025
2025-05-09,-0.15,-0.1391,bmo,1,1540000.0,1923525.0,NN,2025
2025-05-09,0.42,0.486,bmo,1,12011000000.0,14423331420.0,PAGP,2025
2025-05-09,,,,1,,,CHTH,2025
2025-05-09,,-0.1938,bmo,1,,775536.0,HUMA,2025
2025-05-09,,-0.1607,,1,,0.0,PROK,2025
2025-05-09,,0.0128,bmo,1,,43249530.0,MNTK,2025
2025-05-09,1.69,1.6852,bmo,1,317560000.0,316492230.0,ESNT,2025
2025-05-09,0.39,0.4336,bmo,1,12011000000.0,14401395241.0,PAA,2025
2025-05-09,,,,1,,,MTEX,2025
2025-05-09,0.45,0.4573,bmo,1,418180000.0,462060000.0,STWD,2025
2025-05-09,,0.239,amc,1,,,HE,2025
2025-05-09,,-1.122,,1,,7661220.0,CAPS,2025
2025-05-09,-0.2,-0.0986,bmo,1,103120000.0,288140028.0,OB,2025
2025-05-09,,,,3,,,LDDD,2025
2025-05-09,,,,1,,,PULM,2025
2025-05-09,,-0.0306,amc,1,,5472300.0,FORA,2025
2025-05-09,3.0,2.0291,bmo,3,664170000.0,615622760.0,UI,2025
2025-05-09,,1.1419,,1,,174843625.0,TNK,2025
2025-05-09,,-0.6936,,1,,0.0,MNPR,2025
2025-05-09,0.18,0.0842,bmo,1,230310000.0,218734920.0,GOGO,2025
2025-05-09,,-1.2113,bmo,1,,2647920.0,CRIS,2025
2025-05-09,,-1.7326,bmo,1,,1416667.0,BHVN,2025
2025-05-09,0.71,0.6296,bmo,1,456500000.0,495472336.0,KOP,2025
2025-05-09,-2.6,-1.0706,bmo,1,531960000.0,578881500.0,AMR,2025
2025-05-09,,,,1,,,ELLH,2025
2025-05-09,-0.14,-0.1326,bmo,1,22550000.0,22807200.0,DIBS,2025
2025-05-09,,-0.3009,bmo,1,,0.0,PYXS,2025
2025-05-09,1.7,1.4102,bmo,1,197120000.0,184295772.0,ANIP,2025
2025-05-09,-0.71,-0.8954,bmo,1,3869760000.0,3948367980.0,SATS,2025
2025-05-09,,,,1,,,ELSE,2025
2025-05-09,,-1.6728,,1,,0.0,CVKD,2025
2025-05-09,-0.26,-0.2754,bmo,1,7210000.0,6732000.0,RPID,2025
2025-05-09,-0.06,-0.1462,bmo,1,26170000.0,28628003.0,ANIK,2025
2025-05-09,0.7,0.5386,bmo,2,259000000.0,259023900.0,EMBC,2025
2025-05-09,-0.03,-0.0535,bmo,1,30620000.0,29515836.0,TLS,2025
2025-05-09,0.08,-0.0898,bmo,2,571650000.0,570795233.0,ROAD,2025
2025-05-09,-1.08,-1.0846,bmo,1,0.0,0.0,NGNE,2025
2025-05-09,0.19,0.1991,bmo,1,482790000.0,452931000.0,TXNM,2025
2025-05-09,-1.03,-0.58,bmo,1,993900000.0,909264312.0,CLMT,2025
2025-05-09,-3.39,,bmo,1,12310000.0,,NYC,2025
2025-05-09,4.19,4.1006,bmo,1,96790000.0,95272290.0,AGM,2025
2025-05-09,,,,1,,,EMMA,2025
2025-05-09,,0.0152,bmo,1,,75750000.0,PRM,2025
2025-05-09,0.41,0.1289,bmo,1,78820000.0,211065255.0,BKV,2025
2025-05-09,,0.0101,,1,,27371000.0,BOC,2025
2025-05-09,-0.01,-0.0236,bmo,1,103860000.0,105874825.0,PAR,2025
